n_days,start_date,end_date,total_return,annual_return,annual_volatility,sharpe,sortino,max_drawdown,calmar,avg_daily_return,daily_volatility,hit_rate,final_equity,policy_name,control_type,kappa,shuffle_id,probability_order,weighted_brier,avg_entropy,avg_bearish_probability,avg_dynamic_lambda,avg_cash,cash_cap_binding_frequency,avg_equity_exposure,total_turnover,rebalance_count,brier_20d,brier_60d,hard_accuracy_20d,hard_accuracy_60d,median_dynamic_lambda
319,2024-11-27,2026-03-25,0.24303369593336455,0.18751343133663312,0.10134272153965458,1.7470230606735677,2.2504797436929924,-0.11692995822141539,1.603638915029481,0.0007025717125444303,0.0063839913900094,0.5642633228840125,1.2430336959333645,constant_lambda_no_probability_lambda_34,constant_lambda_no_probability,,,none,,0.912322496890492,0.22629904559915165,37.33404333424534,0.5845402168541863,0.23824451410658307,0.41545978314581367,0.3130965820011512,17,,,,,
319,2024-11-27,2026-03-25,0.24094383486464732,0.1859359667223277,0.10085232229534945,1.741838629747972,2.241515750917867,-0.11691055462615929,1.5904121515537113,0.0006970971066421916,0.006353099141353081,0.5642633228840125,1.2409438348646473,oracle_ordered_kappa_0_0,ordered_oracle_probability,0.0,,ordered,0.825277557391944,0.912322496890492,0.22629904559915165,37.33404333424534,0.5864884324352,0.2507836990595611,0.41351156756480006,0.32579470118570786,17,0.7579492132544473,0.8541325620222999,0.2852664576802508,0.06583072100313479,37.33404333424533
319,2024-11-27,2026-03-25,0.24094383486464732,0.1859359667223277,0.10085232229534945,1.741838629747972,2.241515750917867,-0.11691055462615929,1.5904121515537113,0.0006970971066421916,0.006353099141353081,0.5642633228840125,1.2409438348646473,oracle_shuffled_kappa_0_0_seed_0,shuffled_oracle_probability,0.0,0.0,shuffled,0.825277557391944,0.912322496890492,0.22629904559915165,37.33404333424534,0.5864884324352,0.2507836990595611,0.41351156756480006,0.32579470118570786,17,0.7579492132544473,0.8541325620222999,0.2852664576802508,0.06583072100313479,37.33404333424533
319,2024-11-27,2026-03-25,0.24094383486464732,0.1859359667223277,0.10085232229534945,1.741838629747972,2.241515750917867,-0.11691055462615929,1.5904121515537113,0.0006970971066421916,0.006353099141353081,0.5642633228840125,1.2409438348646473,oracle_shuffled_kappa_0_0_seed_1,shuffled_oracle_probability,0.0,1.0,shuffled,0.825277557391944,0.912322496890492,0.22629904559915165,37.33404333424534,0.5864884324352,0.2507836990595611,0.41351156756480006,0.32579470118570786,17,0.7579492132544473,0.8541325620222999,0.2852664576802508,0.06583072100313479,37.33404333424533
319,2024-11-27,2026-03-25,0.24094383486464732,0.1859359667223277,0.10085232229534945,1.741838629747972,2.241515750917867,-0.11691055462615929,1.5904121515537113,0.0006970971066421916,0.006353099141353081,0.5642633228840125,1.2409438348646473,oracle_shuffled_kappa_0_0_seed_2,shuffled_oracle_probability,0.0,2.0,shuffled,0.825277557391944,0.912322496890492,0.22629904559915165,37.33404333424534,0.5864884324352,0.2507836990595611,0.41351156756480006,0.32579470118570786,17,0.7579492132544473,0.8541325620222999,0.2852664576802508,0.06583072100313479,37.33404333424533
319,2024-11-27,2026-03-25,0.24094383486464732,0.1859359667223277,0.10085232229534945,1.741838629747972,2.241515750917867,-0.11691055462615929,1.5904121515537113,0.0006970971066421916,0.006353099141353081,0.5642633228840125,1.2409438348646473,oracle_shuffled_kappa_0_0_seed_3,shuffled_oracle_probability,0.0,3.0,shuffled,0.825277557391944,0.912322496890492,0.22629904559915165,37.33404333424534,0.5864884324352,0.2507836990595611,0.41351156756480006,0.32579470118570786,17,0.7579492132544473,0.8541325620222999,0.2852664576802508,0.06583072100313479,37.33404333424533
319,2024-11-27,2026-03-25,0.24094383486464732,0.1859359667223277,0.10085232229534945,1.741838629747972,2.241515750917867,-0.11691055462615929,1.5904121515537113,0.0006970971066421916,0.006353099141353081,0.5642633228840125,1.2409438348646473,oracle_shuffled_kappa_0_0_seed_4,shuffled_oracle_probability,0.0,4.0,shuffled,0.825277557391944,0.912322496890492,0.22629904559915165,37.33404333424534,0.5864884324352,0.2507836990595611,0.41351156756480006,0.32579470118570786,17,0.7579492132544473,0.8541325620222999,0.2852664576802508,0.06583072100313479,37.33404333424533
319,2024-11-27,2026-03-25,0.24103468105765624,0.18600455065212396,0.10086730598165788,1.7421685129579232,2.2420791447005035,-0.11690892132371677,1.591021014872627,0.0006973327161433997,0.006354043024869633,0.5642633228840125,1.2410346810576562,oracle_ordered_kappa_0_1,ordered_oracle_probability,0.1,,ordered,0.6684748214874745,0.9202757957585053,0.2208478244248164,37.423851382458956,0.5864120297965298,0.2507836990595611,0.4135879702034701,0.3256612372892329,17,0.6139388627361023,0.6918473752380627,0.2852664576802508,0.13479623824451412,37.09342157380796
319,2024-11-27,2026-03-25,0.24114664865773716,0.1860890786436773,0.10088137604061749,1.7426464443667629,2.2429471870339612,-0.116910984451979,1.5917159496686395,0.0006976213145238429,0.006354929355272945,0.5642633228840125,1.2411466486577372,oracle_shuffled_kappa_0_1_seed_0,shuffled_oracle_probability,0.1,0.0,shuffled,0.7767506835564402,0.9207191782197588,0.2208478244248164,37.4349359439903,0.5863382903486888,0.2507836990595611,0.41366170965131116,0.32516997860099056,17,0.7481081417329676,0.7890260586236427,0.2852664576802508,0.06896551724137931,37.09342157380796
319,2024-11-27,2026-03-25,0.24044933764241305,0.18556262974645477,0.10075541885442851,1.7402902327592213,2.238817738553691,-0.11691087324002325,1.5872144703383269,0.0006958082195631993,0.006346994798356338,0.5642633228840125,1.240449337642413,oracle_shuffled_kappa_0_1_seed_1,shuffled_oracle_probability,0.1,1.0,shuffled,0.773427799543901,0.9207348272688856,0.22084782442481637,37.43532717021847,0.586907920780487,0.2507836990595611,0.4130920792195129,0.327256414693046,17,0.7443463862470742,0.7858912623853982,0.2852664576802508,0.06896551724137931,37.09342157380796
319,2024-11-27,2026-03-25,0.24080017435264467,0.1858275087046628,0.10083462265142092,1.7412191304485611,2.2404056729178334,-0.11691198264318681,1.5894650360331746,0.0006967268808421266,0.006351984168588099,0.5642633228840125,1.2408001743526447,oracle_shuffled_kappa_0_1_seed_2,shuffled_oracle_probability,0.1,2.0,shuffled,0.7796346960956251,0.9208213217945359,0.22084782442481637,37.43748953335973,0.5866217768110806,0.2507836990595611,0.4133782231889193,0.3259465576790659,17,0.7474811824853187,0.793414773357185,0.2852664576802508,0.06269592476489028,37.09342157380796
319,2024-11-27,2026-03-25,0.24084882042475564,0.18586423486483405,0.10082627218943457,1.7416623453868252,2.241260577205585,-0.11691063482862485,1.5897974990665806,0.0006968465146748454,0.006351458138927423,0.5642633228840125,1.2408488204247556,oracle_shuffled_kappa_0_1_seed_3,shuffled_oracle_probability,0.1,3.0,shuffled,0.7791958246222707,0.9207672406737697,0.2208478244248164,37.436137505340575,0.5865706895121237,0.2507836990595611,0.41342931048787634,0.3264699624569083,17,0.751869897218861,0.7909069363665893,0.2852664576802508,0.07523510971786834,37.09342157380796
319,2024-11-27,2026-03-25,0.24101453490255742,0.18598934149283175,0.10085096156913066,1.7423072796938412,2.2423216174702416,-0.11690872296498256,1.5908936200469899,0.0006972752559762705,0.006353013423658383,0.5642633228840125,1.2410145349025574,oracle_shuffled_kappa_0_1_seed_4,shuffled_oracle_probability,0.1,4.0,shuffled,0.7768760754059698,0.9208003633954819,0.2208478244248164,37.43696557338338,0.5864474757150471,0.2507836990595611,0.41355252428495287,0.32632833650914983,17,0.7499890194759142,0.7883990993759938,0.2852664576802508,0.06896551724137931,37.09342157380796
319,2024-11-27,2026-03-25,0.24145704183279593,0.18632339619722837,0.1009608613179257,1.743311622072284,2.244027813496217,-0.11690797694945287,1.5937611877227884,0.0006984374718649522,0.00635993645709791,0.5642633228840125,1.241457041832796,oracle_ordered_kappa_0_25,ordered_oracle_probability,0.25,,ordered,0.4642186260329685,0.9026208454653651,0.21267099266331357,36.818940989900405,0.5860401823197153,0.2507836990595611,0.41395981768028456,0.3229894751886048,17,0.4263464324556266,0.48044956613754364,0.8463949843260188,1.0,36.09205690761723
319,2024-11-27,2026-03-25,0.241393771738051,0.18627563424541105,0.10095737797106774,1.74296928491476,2.243474931629419,-0.11691602298115022,1.5932429918133917,0.0006982762257504011,0.006359717026871331,0.5642633228840125,1.241393771738051,oracle_shuffled_kappa_0_25_seed_0,shuffled_oracle_probability,0.25,0.0,shuffled,0.7483879050298338,0.9048613404821708,0.21267099266331363,36.87495336532055,0.5860645544669242,0.2476489028213166,0.4139354455330758,0.32282260180392164,17,0.7664718243051564,0.7406376539118383,0.335423197492163,0.47962382445141066,36.09205690761723
319,2024-11-27,2026-03-25,0.24037754154576607,0.1855084223185488,0.10073062016533467,1.7402397378624415,2.2386338183764942,-0.1169159520661267,1.5866818773679983,0.0006956167779017586,0.006345432627780559,0.5642633228840125,1.240377541545766,oracle_shuffled_kappa_0_25_seed_1,shuffled_oracle_probability,0.25,1.0,shuffled,0.7372593783840656,0.9052396886393621,0.21267099266331363,36.88441206925033,0.5869925900223221,0.2476489028213166,0.4130074099776779,0.3258764937079067,17,0.7805784073772567,0.7186940802441267,0.31974921630094044,0.5235109717868338,36.09205690761723
319,2024-11-27,2026-03-25,0.24083169885320155,0.1858513086844804,0.10080983004885186,1.7418218127944185,2.2412662907520726,-0.11690866914594855,1.58971366317124,0.0006967966703301126,0.006350422381427342,0.5642633228840125,1.2408316988532015,oracle_shuffled_kappa_0_25_seed_2,shuffled_oracle_probability,0.25,2.0,shuffled,0.743058751424818,0.9050818704784889,0.21267099266331363,36.88046661522849,0.5866428343646453,0.2507836990595611,0.41335716563535474,0.32544942119583375,17,0.7852806017346234,0.7249636727206158,0.32601880877742945,0.5109717868338558,36.09205690761723
319,2024-11-27,2026-03-25,0.24058987811885357,0.18566873859017763,0.10081629095050255,1.7401884994932733,2.238606540538097,-0.11691322760844736,1.5880900937231714,0.0006961878971175884,0.00635082937997527,0.5642633228840125,1.2405898781188536,oracle_shuffled_kappa_0_25_seed_3,shuffled_oracle_probability,0.25,3.0,shuffled,0.7461935476630626,0.9053561428186422,0.21267099266331363,36.88732342373233,0.5867708490019184,0.25705329153605017,0.4132291509980816,0.3256757320753623,17,0.788415397972868,0.7280984689588603,0.3072100313479624,0.5047021943573667,36.09205690761723
319,2024-11-27,2026-03-25,0.24148012622881132,0.1863408222459908,0.10100746573413796,1.7426993597142681,2.2430231325455,-0.11691344700172823,1.5938356709578179,0.0006985144677033456,0.006362872259366838,0.5642633228840125,1.2414801262288113,oracle_shuffled_kappa_0_25_seed_4,shuffled_oracle_probability,0.25,4.0,shuffled,0.7518361808919027,0.9046173093146223,0.21267099266331363,36.86885258613183,0.5859158383420204,0.2476489028213166,0.41408416165797957,0.3201105102733932,17,0.7852806017346236,0.7375028576735938,0.30407523510971785,0.48589341692789967,36.09205690761723
319,2024-11-27,2026-03-25,0.24416638895070109,0.18836817553920726,0.10155171072682231,1.7507258716061629,2.2566077098162705,-0.11690896672540929,1.6112380497009973,0.0007055127272829877,0.00639715647134148,0.5642633228840125,1.244166388950701,oracle_ordered_kappa_0_5,ordered_oracle_probability,0.5,,ordered,0.206319389347986,0.8081618752005303,0.1990429397274755,34.18490567456278,0.5836332171361096,0.2413793103448276,0.41636678286389034,0.30787918705420486,17,0.18948730331361183,0.21353314050557498,1.0,1.0,32.97529768552339
319,2024-11-27,2026-03-25,0.2433169496900125,0.1877271934689606,0.10131071019293728,1.7493207957947294,2.25448878077548,-0.11693948464088444,1.6053362475938886,0.000703273540385866,0.00638197486471068,0.5642633228840125,1.2433169496900125,oracle_shuffled_kappa_0_5_seed_0,shuffled_oracle_probability,0.5,0.0,shuffled,0.780614060194381,0.8178283970293968,0.19904293972747547,34.42656872028443,0.5843795882700382,0.23510971786833856,0.4156204117299617,0.3157367513315974,17,0.904220845633361,0.7276397235776751,0.2852664576802508,0.48589341692789967,32.97529768552339
319,2024-11-27,2026-03-25,0.2428927364391582,0.18740705011056047,0.10132595881642219,1.746410740541268,2.2495953352907905,-0.11693809454283977,1.6026176144156745,0.0007022092967168329,0.006382935437700612,0.5642633228840125,1.2428927364391582,oracle_shuffled_kappa_0_5_seed_1,shuffled_oracle_probability,0.5,1.0,shuffled,0.7705827122319986,0.8184870289910283,0.19904293972747547,34.44303451932522,0.5845315231690257,0.23510971786833856,0.4154684768309744,0.31298243982461893,17,0.885412068203894,0.7213701311011863,0.30407523510971785,0.49216300940438873,32.97529768552339
319,2024-11-27,2026-03-25,0.24266878150274085,0.18723802754517394,0.1013226415876792,1.7450585908144194,2.247183230924773,-0.11693939603753245,1.601154391844804,0.0007016426434388489,0.006382726471931663,0.5642633228840125,1.2426687815027408,oracle_shuffled_kappa_0_5_seed_2,shuffled_oracle_probability,0.5,2.0,shuffled,0.7470717404451647,0.8175174353824877,0.1990429397274755,34.4187946791117,0.5848812037477384,0.2445141065830721,0.4151187962522616,0.3112720415410746,17,0.8948164569186274,0.6837525762422522,0.2946708463949843,0.5297805642633229,32.97529768552339
319,2024-11-27,2026-03-25,0.24397798742702803,0.18822601674755846,0.1015387822357418,1.749756983851268,2.255322725963797,-0.11696444569668851,1.6092584000753958,0.0007050325132886598,0.006396342052955138,0.5642633228840125,1.243977987427028,oracle_shuffled_kappa_0_5_seed_3,shuffled_oracle_probability,0.5,3.0,shuffled,0.7351595147398355,0.8162513377275898,0.1990429397274755,34.387142237739255,0.5836367722881727,0.22884012539184953,0.4163632277118274,0.30869950553962056,17,0.8477945133449597,0.6868873724804966,0.34169278996865204,0.5266457680250783,32.97529768552339
319,2024-11-27,2026-03-25,0.24171821360170842,0.18652054670204676,0.1010796414407005,1.7430266675422692,2.243525778316811,-0.11695361531665605,1.5948249756712163,0.0006991448832410779,0.006367418901516001,0.5642633228840125,1.2417182136017084,oracle_shuffled_kappa_0_5_seed_4,shuffled_oracle_probability,0.5,4.0,shuffled,0.7583570069028449,0.8162548795701672,0.19904293972747553,34.387230783803695,0.5856655605986337,0.23824451410658307,0.4143344394013663,0.3163495262743582,17,0.9104904381098501,0.6931569649569858,0.27899686520376177,0.5203761755485894,32.97529768552339
319,2024-11-27,2026-03-25,0.2506644075572919,0.19326850852643895,0.10291506824158286,1.7688966271315254,2.2873786640165648,-0.11691310372069752,1.6530953535213007,0.0007224052265616932,0.00648303992210642,0.5642633228840125,1.250664407557292,oracle_ordered_kappa_0_75,ordered_oracle_probability,0.75,,ordered,0.0515798473369965,0.6306404012420702,0.1854148867916374,29.474307766884504,0.5778572900665584,0.22884012539184953,0.42214270993344155,0.2759018572909404,17,0.04737182582840296,0.053383285126393745,1.0,1.0,27.993854386334522
319,2024-11-27,2026-03-25,0.24645598098424126,0.19009543124172734,0.10207061246699581,1.7565809631717755,2.2673530262476946,-0.1170038321699366,1.6246940610084666,0.0007114892649159067,0.006429844208469521,0.5642633228840125,1.2464559809842413,oracle_shuffled_kappa_0_75_seed_0,shuffled_oracle_probability,0.75,0.0,shuffled,0.8871597846410717,0.6487665476273281,0.18541488679163742,29.927461426515954,0.5812959018938163,0.21003134796238246,0.41870409810618364,0.2987193024301605,17,1.077152390091726,0.8057343823050771,0.31347962382445144,0.49843260188087773,27.993854386334522
319,2024-11-27,2026-03-25,0.24602977985906227,0.18977395795660734,0.10209263668318089,1.7535762499123073,2.2615054992929076,-0.11698338709080414,1.622229982188002,0.0007104254880101269,0.0064312316036801605,0.5642633228840125,1.2460297798590623,oracle_shuffled_kappa_0_75_seed_1,shuffled_oracle_probability,0.75,1.0,shuffled,0.8956237344843319,0.6437622095911719,0.18541488679163742,29.802352975612052,0.581712592127451,0.21316614420062696,0.4182874078725491,0.29032141265846023,17,1.072450195734359,0.8198409653771774,0.3166144200626959,0.4890282131661442,27.993854386334522
319,2024-11-27,2026-03-25,0.2502578795195525,0.1929620917236592,0.1028502073122965,1.767448594764868,2.285393979204515,-0.1169150276887807,1.6504472995320176,0.0007213589459737847,0.006478954067613652,0.5642633228840125,1.2502578795195525,oracle_shuffled_kappa_0_75_seed_2,shuffled_oracle_probability,0.75,2.0,shuffled,0.8998557094059619,0.6523533362531714,0.18541488679163742,30.01713114216204,0.5781056154785882,0.23197492163009403,0.421894384521412,0.28094172538121287,17,1.119472139308027,0.8057343823050771,0.2852664576802508,0.49843260188087773,27.993854386334522
319,2024-11-27,2026-03-25,0.2487079766942597,0.19179367454426344,0.10272392693245662,1.759949992958646,2.272688908781566,-0.11696773565787655,1.6397143491368267,0.0007174165654026249,0.0064709991514107215,0.5642633228840125,1.2487079766942597,oracle_shuffled_kappa_0_75_seed_3,shuffled_oracle_probability,0.75,3.0,shuffled,0.8993854899702254,0.6491158577342697,0.18541488679163745,29.936194179189496,0.5792124457373314,0.219435736677116,0.42078755426266856,0.282028470244556,17,1.095961167521193,0.8151387710198107,0.30094043887147337,0.49216300940438873,27.993854386334522
319,2024-11-27,2026-03-25,0.2458483001270344,0.18963706513765866,0.10203654614802604,1.7533559496379778,2.2606642795778846,-0.11691609807598846,1.6219927645413372,0.0007099459732902839,0.006427698232086726,0.5642633228840125,1.2458483001270344,oracle_shuffled_kappa_0_75_seed_4,shuffled_oracle_probability,0.75,4.0,shuffled,0.8862193457695982,0.6479716606745772,0.18541488679163745,29.90758925269718,0.5819205966295249,0.23197492163009403,0.4180794033704752,0.29168304164976083,17,1.0630458070196254,0.8104365766624438,0.322884012539185,0.4952978056426332,27.993854386334522
319,2024-11-27,2026-03-25,0.2624920137717084,0.20217433466304824,0.1054494524763124,1.799443649988117,2.3391797873235944,-0.11694001816913491,1.728872098947647,0.0007529775700524764,0.006642691122386828,0.5642633228840125,1.2624920137717084,oracle_ordered_kappa_1_0,ordered_oracle_probability,1.0,,ordered,0.0,0.29626420524140956,0.17178683385579938,20.84234180815123,0.5673555096791427,0.21630094043887146,0.43264449032085733,0.21613661534256934,17,0.0,0.0,1.0,1.0,19.488783279839616
319,2024-11-27,2026-03-25,0.2557078244025066,0.19706820104371814,0.1044223970586548,1.7753231802453924,2.299217461181554,-0.11719544297666784,1.6815346743725519,0.0007356488175992783,0.006577992712439124,0.5642633228840125,1.2557078244025066,oracle_shuffled_kappa_1_0_seed_0,shuffled_oracle_probability,1.0,0.0,shuffled,1.127899686520376,0.3236299751971243,0.17178683385579938,21.5264860570441,0.5722035528543915,0.14733542319749215,0.4277964471456085,0.23315676905127014,17,1.4482758620689655,0.9905956112852664,0.27586206896551724,0.5047021943573667,19.488783279839616
319,2024-11-27,2026-03-25,0.257726876763686,0.19858844904900597,0.10457148554076078,1.7850855865189523,2.3149441816569833,-0.11708037448865904,1.696171966619753,0.000740750204760663,0.006587384404034278,0.5642633228840125,1.257726876763686,oracle_shuffled_kappa_1_0_seed_1,shuffled_oracle_probability,1.0,1.0,shuffled,1.1228840125391848,0.3271994234522175,0.17178683385579938,21.61572226342143,0.5710769268361688,0.1536050156739812,0.4289230731638311,0.2259596331689353,17,1.3730407523510972,1.0156739811912225,0.31347962382445144,0.49216300940438873,19.488783279839616
319,2024-11-27,2026-03-25,0.25912255058342537,0.1996390237683905,0.1047498436030576,1.7905938778359918,2.3240224686277733,-0.11705059785165095,1.7055788473751454,0.0007443032883329864,0.0065986199058714395,0.5642633228840125,1.2591225505834254,oracle_shuffled_kappa_1_0_seed_2,shuffled_oracle_probability,1.0,2.0,shuffled,1.1109717868338556,0.3224401591120931,0.17178683385579938,21.496740654918323,0.5697376946836576,0.16614420062695925,0.43026230531634235,0.22271712296158785,17,1.4357366771159874,0.9717868338557993,0.28213166144200624,0.5141065830721003,19.488783279839616
319,2024-11-27,2026-03-25,0.2589717891749099,0.19952555193087362,0.10492069648938726,1.7869458989341642,2.318848431881311,-0.11708113664646547,1.7041648009734884,0.0007439984456548679,0.006609382626062055,0.5642633228840125,1.25897178917491,oracle_shuffled_kappa_1_0_seed_3,shuffled_oracle_probability,1.0,3.0,shuffled,1.1172413793103448,0.3343383199624039,0.17178683385579935,21.79419467617609,0.5698515105986304,0.15673981191222572,0.4301484894013695,0.22052226123293375,17,1.4858934169278997,0.9592476489028213,0.25705329153605017,0.5203761755485894,19.488783279839616
319,2024-11-27,2026-03-25,0.257118722227176,0.19813059230921537,0.10442584064205025,1.7837683686271777,2.3131769867207335,-0.11701360222544033,1.693227014133739,0.0007391726643039348,0.006578209637803011,0.5642633228840125,1.257118722227176,oracle_shuffled_kappa_1_0_seed_4,shuffled_oracle_probability,1.0,4.0,shuffled,1.095924764890282,0.3331485038773728,0.17178683385579938,21.764449274050314,0.5716467331936226,0.1974921630094044,0.4283532668063775,0.2329934503411986,17,1.297805642633229,1.0094043887147335,0.3510971786833856,0.4952978056426332,19.488783279839616
