date,strategy_name,optimization_status,risk_aversion,expected_class,p_bearish,p_bullish,normalized_entropy,confidence_score,ordinal_variance,risk_aversion_mode,constant_lambda,asset_universe,estimated_portfolio_mu,estimated_portfolio_vol_daily,strategy_control,policy_name,analysis_group
2024-11-27,AURORA18_DYNAMIC_ORIGINAL,optimized,34.0335985767952,2.5580641042860512,0.1495143330705379,0.6019139033694837,0.8417324766153776,0.1582675233846223,0.9944538414211692,dynamic,,"0050,006208,00692,00881",0.00031781053275,0.0169593235811342,Original dynamic AURORA,AURORA18_DYNAMIC_ORIGINAL,constant_lambda_exposure_match
2024-11-27,AURORA18_Exposure_matched_constant_lambda_no_probability_AURORA_34,optimized,34.0,2.0,0.4,0.4,1.0000000000000002,-2.220446049250313e-16,2.0,constant_lambda,34.0,"0050,006208,00692,00881",0.0003166796556206,0.0169598359253545,Exposure-matched constant-lambda no-probability AURORA,AURORA18_Exposure_matched_constant_lambda_no_probability_AURORA_34_0,constant_lambda_exposure_match
2024-11-27,AURORA18_DYNAMIC_ORIGINAL,static_baseline,,2.5580641042860512,0.1495143330705379,0.6019139033694837,0.8417324766153776,0.1582675233846223,0.9944538414211692,dynamic,,"0050,006208,00692,00881",0.00031781053275,0.0169593235811342,Static exposure-matched cash baseline,AURORA18_STATIC_EXPOSURE_MATCHED_CASH,constant_lambda_exposure_match
2024-11-27,AURORA18_REDUCED_SYNTH_TW50,optimized,34.0335985767952,2.5580641042860512,0.1495143330705379,0.6019139033694837,0.8417324766153776,0.1582675233846223,0.9944538414211692,dynamic,,"TW50_SYN,00692,00881",0.0003196218726467,0.01693224019613,Reduced-universe: Synthetic Taiwan 50 sleeve,AURORA18_REDUCED_SYNTH_TW50,reduced_universe_sensitivity
2024-11-27,AURORA18_REDUCED_REMOVE_0050,optimized,34.0335985767952,2.5580641042860512,0.1495143330705379,0.6019139033694837,0.8417324766153776,0.1582675233846223,0.9944538414211692,dynamic,,"006208,00692,00881",0.0003150496217569,0.016758095491622,Reduced-universe: Remove 0050,AURORA18_REDUCED_REMOVE_0050,reduced_universe_sensitivity
2024-11-27,AURORA18_REDUCED_REMOVE_006208,optimized,34.0335985767952,2.5580641042860512,0.1495143330705379,0.6019139033694837,0.8417324766153776,0.1582675233846223,0.9944538414211692,dynamic,,"0050,00692,00881",0.0003240846537897,0.0171129799428921,Reduced-universe: Remove 006208,AURORA18_REDUCED_REMOVE_006208,reduced_universe_sensitivity
2024-11-27,AURORA18_REDUCED_FULL,optimized,34.0335985767952,2.5580641042860512,0.1495143330705379,0.6019139033694837,0.8417324766153776,0.1582675233846223,0.9944538414211692,dynamic,,"0050,006208,00692,00881",0.00031781053275,0.0169593235811342,Reduced-universe: Full universe,AURORA18_REDUCED_FULL,reduced_universe_sensitivity
2024-11-27,AURORA18_Exposure_matched_constant_lambda_AURORA_34,optimized,34.0,2.5580641042860512,0.1495143330705379,0.6019139033694837,0.8417324766153776,0.1582675233846223,0.9944538414211692,constant_lambda,34.0,"0050,006208,00692,00881",0.0003178205504303,0.0169598704849299,Exposure-matched constant-lambda AURORA,AURORA18_Exposure_matched_constant_lambda_AURORA_34_0,constant_lambda_exposure_match
2024-11-28,AURORA18_REDUCED_REMOVE_006208,optimized,34.18282774028284,2.599266037682788,0.1558088339820166,0.6347393300050678,0.8426660424257005,0.1573339575742994,1.0412772846055214,dynamic,,"0050,00692,00881",0.0001990247433485,0.0165929135295747,Reduced-universe: Remove 006208,AURORA18_REDUCED_REMOVE_006208,reduced_universe_sensitivity
2024-11-28,AURORA18_DYNAMIC_ORIGINAL,optimized,34.18282774028284,2.599266037682788,0.1558088339820166,0.6347393300050678,0.8426660424257005,0.1573339575742994,1.0412772846055214,dynamic,,"0050,006208,00692,00881",0.0002035781287209,0.0164135033876448,Original dynamic AURORA,AURORA18_DYNAMIC_ORIGINAL,constant_lambda_exposure_match
2024-11-28,AURORA18_Exposure_matched_constant_lambda_no_probability_AURORA_34,optimized,34.0,2.0,0.4,0.4,1.0000000000000002,-2.220446049250313e-16,2.0,constant_lambda,34.0,"0050,006208,00692,00881",0.0002024428256238,0.0164168418643876,Exposure-matched constant-lambda no-probability AURORA,AURORA18_Exposure_matched_constant_lambda_no_probability_AURORA_34_0,constant_lambda_exposure_match
2024-11-28,AURORA18_REDUCED_REMOVE_0050,optimized,34.18282774028284,2.599266037682788,0.1558088339820166,0.6347393300050678,0.8426660424257005,0.1573339575742994,1.0412772846055214,dynamic,,"006208,00692,00881",0.0002051437178402,0.0162720193570156,Reduced-universe: Remove 0050,AURORA18_REDUCED_REMOVE_0050,reduced_universe_sensitivity
2024-11-28,AURORA18_REDUCED_FULL,optimized,34.18282774028284,2.599266037682788,0.1558088339820166,0.6347393300050678,0.8426660424257005,0.1573339575742994,1.0412772846055214,dynamic,,"0050,006208,00692,00881",0.0002035781287209,0.0164135033876448,Reduced-universe: Full universe,AURORA18_REDUCED_FULL,reduced_universe_sensitivity
2024-11-28,AURORA18_DYNAMIC_ORIGINAL,static_baseline,,2.599266037682788,0.1558088339820166,0.6347393300050678,0.8426660424257005,0.1573339575742994,1.0412772846055214,dynamic,,"0050,006208,00692,00881",0.0002035781287209,0.0164135033876448,Static exposure-matched cash baseline,AURORA18_STATIC_EXPOSURE_MATCHED_CASH,constant_lambda_exposure_match
2024-11-28,AURORA18_Exposure_matched_constant_lambda_AURORA_34,optimized,34.0,2.599266037682788,0.1558088339820166,0.6347393300050678,0.8426660424257005,0.1573339575742994,1.0412772846055214,constant_lambda,34.0,"0050,006208,00692,00881",0.0002036194280928,0.0164169119873793,Exposure-matched constant-lambda AURORA,AURORA18_Exposure_matched_constant_lambda_AURORA_34_0,constant_lambda_exposure_match
2024-11-28,AURORA18_REDUCED_SYNTH_TW50,optimized,34.18282774028284,2.599266037682788,0.1558088339820166,0.6347393300050678,0.8426660424257005,0.1573339575742994,1.0412772846055214,dynamic,,"TW50_SYN,00692,00881",0.0002021079634863,0.0164301390617372,Reduced-universe: Synthetic Taiwan 50 sleeve,AURORA18_REDUCED_SYNTH_TW50,reduced_universe_sensitivity
2024-11-29,AURORA18_REDUCED_REMOVE_0050,optimized,34.557136913937704,2.6124576695214543,0.1597163374192029,0.6401048065630262,0.8545124066221458,0.1454875933778542,1.0982415361588815,dynamic,,"006208,00692,00881",0.0001921972822819,0.0157745685245489,Reduced-universe: Remove 0050,AURORA18_REDUCED_REMOVE_0050,reduced_universe_sensitivity
2024-11-29,AURORA18_REDUCED_FULL,optimized,34.557136913937704,2.6124576695214543,0.1597163374192029,0.6401048065630262,0.8545124066221458,0.1454875933778542,1.0982415361588815,dynamic,,"0050,006208,00692,00881",0.0001939024798472,0.015865248050319,Reduced-universe: Full universe,AURORA18_REDUCED_FULL,reduced_universe_sensitivity
2024-11-29,AURORA18_REDUCED_SYNTH_TW50,optimized,34.557136913937704,2.6124576695214543,0.1597163374192029,0.6401048065630262,0.8545124066221458,0.1454875933778542,1.0982415361588815,dynamic,,"TW50_SYN,00692,00881",0.0001916920662568,0.0159174347078256,Reduced-universe: Synthetic Taiwan 50 sleeve,AURORA18_REDUCED_SYNTH_TW50,reduced_universe_sensitivity
2024-11-29,AURORA18_DYNAMIC_ORIGINAL,static_baseline,,2.6124576695214543,0.1597163374192029,0.6401048065630262,0.8545124066221458,0.1454875933778542,1.0982415361588815,dynamic,,"0050,006208,00692,00881",0.0001939024798472,0.015865248050319,Static exposure-matched cash baseline,AURORA18_STATIC_EXPOSURE_MATCHED_CASH,constant_lambda_exposure_match
2024-11-29,AURORA18_DYNAMIC_ORIGINAL,optimized,34.557136913937704,2.6124576695214543,0.1597163374192029,0.6401048065630262,0.8545124066221458,0.1454875933778542,1.0982415361588815,dynamic,,"0050,006208,00692,00881",0.0001939024798472,0.015865248050319,Original dynamic AURORA,AURORA18_DYNAMIC_ORIGINAL,constant_lambda_exposure_match
2024-11-29,AURORA18_Exposure_matched_constant_lambda_no_probability_AURORA_34,optimized,34.0,2.0,0.4,0.4,1.0000000000000002,-2.220446049250313e-16,2.0,constant_lambda,34.0,"0050,006208,00692,00881",0.0001928891523642,0.015876908510046,Exposure-matched constant-lambda no-probability AURORA,AURORA18_Exposure_matched_constant_lambda_no_probability_AURORA_34_0,constant_lambda_exposure_match
2024-11-29,AURORA18_Exposure_matched_constant_lambda_AURORA_34,optimized,34.0,2.6124576695214543,0.1597163374192029,0.6401048065630262,0.8545124066221458,0.1454875933778542,1.0982415361588815,constant_lambda,34.0,"0050,006208,00692,00881",0.0001940444479029,0.0158770137376419,Exposure-matched constant-lambda AURORA,AURORA18_Exposure_matched_constant_lambda_AURORA_34_0,constant_lambda_exposure_match
2024-11-29,AURORA18_REDUCED_REMOVE_006208,optimized,34.557136913937704,2.6124576695214543,0.1597163374192029,0.6401048065630262,0.8545124066221458,0.1454875933778542,1.0982415361588815,dynamic,,"0050,00692,00881",0.0001911000103481,0.0160631675680843,Reduced-universe: Remove 006208,AURORA18_REDUCED_REMOVE_006208,reduced_universe_sensitivity
2024-12-02,AURORA18_DYNAMIC_ORIGINAL,static_baseline,,2.5592626495359148,0.1619065744490108,0.6143139228674481,0.857978227856162,0.142021772143838,1.092588973198013,dynamic,,"0050,006208,00692,00881",0.000212900588065,0.0151834269637993,Static exposure-matched cash baseline,AURORA18_STATIC_EXPOSURE_MATCHED_CASH,constant_lambda_exposure_match
2024-12-02,AURORA18_DYNAMIC_ORIGINAL,optimized,34.68758718538427,2.5592626495359148,0.1619065744490108,0.6143139228674481,0.857978227856162,0.142021772143838,1.092588973198013,dynamic,,"0050,006208,00692,00881",0.000212900588065,0.0151834269637993,Original dynamic AURORA,AURORA18_DYNAMIC_ORIGINAL,constant_lambda_exposure_match
2024-12-02,AURORA18_Exposure_matched_constant_lambda_no_probability_AURORA_34,optimized,34.0,2.0,0.4,0.4,1.0000000000000002,-2.220446049250313e-16,2.0,constant_lambda,34.0,"0050,006208,00692,00881",0.0002121732314649,0.0152043365088898,Exposure-matched constant-lambda no-probability AURORA,AURORA18_Exposure_matched_constant_lambda_no_probability_AURORA_34_0,constant_lambda_exposure_match
2024-12-02,AURORA18_REDUCED_FULL,optimized,34.68758718538427,2.5592626495359148,0.1619065744490108,0.6143139228674481,0.857978227856162,0.142021772143838,1.092588973198013,dynamic,,"0050,006208,00692,00881",0.000212900588065,0.0151834269637993,Reduced-universe: Full universe,AURORA18_REDUCED_FULL,reduced_universe_sensitivity
2024-12-02,AURORA18_Exposure_matched_constant_lambda_AURORA_34,optimized,34.0,2.5592626495359148,0.1619065744490108,0.6143139228674481,0.857978227856162,0.142021772143838,1.092588973198013,constant_lambda,34.0,"0050,006208,00692,00881",0.0002131928828744,0.0152044714541186,Exposure-matched constant-lambda AURORA,AURORA18_Exposure_matched_constant_lambda_AURORA_34_0,constant_lambda_exposure_match
2024-12-02,AURORA18_REDUCED_REMOVE_0050,optimized,34.68758718538427,2.5592626495359148,0.1619065744490108,0.6143139228674481,0.857978227856162,0.142021772143838,1.092588973198013,dynamic,,"006208,00692,00881",0.0002077305767252,0.0151485681290349,Reduced-universe: Remove 0050,AURORA18_REDUCED_REMOVE_0050,reduced_universe_sensitivity
2024-12-02,AURORA18_REDUCED_REMOVE_006208,optimized,34.68758718538427,2.5592626495359148,0.1619065744490108,0.6143139228674481,0.857978227856162,0.142021772143838,1.092588973198013,dynamic,,"0050,00692,00881",0.0002150841737711,0.0153998198427668,Reduced-universe: Remove 006208,AURORA18_REDUCED_REMOVE_006208,reduced_universe_sensitivity
2024-12-02,AURORA18_REDUCED_SYNTH_TW50,optimized,34.68758718538427,2.5592626495359148,0.1619065744490108,0.6143139228674481,0.857978227856162,0.142021772143838,1.092588973198013,dynamic,,"TW50_SYN,00692,00881",0.0002115074434569,0.0152734109755083,Reduced-universe: Synthetic Taiwan 50 sleeve,AURORA18_REDUCED_SYNTH_TW50,reduced_universe_sensitivity
2024-12-03,AURORA18_Exposure_matched_constant_lambda_no_probability_AURORA_34,optimized,34.0,2.0,0.4,0.4,1.0000000000000002,-2.220446049250313e-16,2.0,constant_lambda,34.0,"0050,006208,00692,00881",0.0005973049842849,0.0148209106431915,Exposure-matched constant-lambda no-probability AURORA,AURORA18_Exposure_matched_constant_lambda_no_probability_AURORA_34_0,constant_lambda_exposure_match
2024-12-03,AURORA18_REDUCED_REMOVE_0050,optimized,34.4424074174152,2.435307132188389,0.1670061888018551,0.544813791813928,0.8440913456551236,0.1559086543448764,0.9887153996135344,dynamic,,"006208,00692,00881",0.000592873943438,0.0148032243695054,Reduced-universe: Remove 0050,AURORA18_REDUCED_REMOVE_0050,reduced_universe_sensitivity
2024-12-03,AURORA18_Exposure_matched_constant_lambda_AURORA_34,optimized,34.0,2.435307132188389,0.1670061888018551,0.544813791813928,0.8440913456551236,0.1559086543448764,0.9887153996135344,constant_lambda,34.0,"0050,006208,00692,00881",0.0005981039176238,0.0148210688845651,Exposure-matched constant-lambda AURORA,AURORA18_Exposure_matched_constant_lambda_AURORA_34_0,constant_lambda_exposure_match
2024-12-03,AURORA18_DYNAMIC_ORIGINAL,optimized,34.4424074174152,2.435307132188389,0.1670061888018551,0.544813791813928,0.8440913456551236,0.1559086543448764,0.9887153996135344,dynamic,,"0050,006208,00692,00881",0.0005970302029561,0.0147943797459035,Original dynamic AURORA,AURORA18_DYNAMIC_ORIGINAL,constant_lambda_exposure_match
2024-12-03,AURORA18_DYNAMIC_ORIGINAL,static_baseline,,2.435307132188389,0.1670061888018551,0.544813791813928,0.8440913456551236,0.1559086543448764,0.9887153996135344,dynamic,,"0050,006208,00692,00881",0.0005970302029561,0.0147943797459035,Static exposure-matched cash baseline,AURORA18_STATIC_EXPOSURE_MATCHED_CASH,constant_lambda_exposure_match
2024-12-03,AURORA18_REDUCED_REMOVE_006208,optimized,34.4424074174152,2.435307132188389,0.1670061888018551,0.544813791813928,0.8440913456551236,0.1559086543448764,0.9887153996135344,dynamic,,"0050,00692,00881",0.0005930184582703,0.01501540582365,Reduced-universe: Remove 006208,AURORA18_REDUCED_REMOVE_006208,reduced_universe_sensitivity
2024-12-03,AURORA18_REDUCED_SYNTH_TW50,optimized,34.4424074174152,2.435307132188389,0.1670061888018551,0.544813791813928,0.8440913456551236,0.1559086543448764,0.9887153996135344,dynamic,,"TW50_SYN,00692,00881",0.0005930706987128,0.0149090710648263,Reduced-universe: Synthetic Taiwan 50 sleeve,AURORA18_REDUCED_SYNTH_TW50,reduced_universe_sensitivity
2024-12-03,AURORA18_REDUCED_FULL,optimized,34.4424074174152,2.435307132188389,0.1670061888018551,0.544813791813928,0.8440913456551236,0.1559086543448764,0.9887153996135344,dynamic,,"0050,006208,00692,00881",0.0005970302029561,0.0147943797459035,Reduced-universe: Full universe,AURORA18_REDUCED_FULL,reduced_universe_sensitivity
2024-12-04,AURORA18_DYNAMIC_ORIGINAL,optimized,34.23521686238223,2.371215445027531,0.1705473108860419,0.5020814562299408,0.8329708257864556,0.1670291742135443,0.926699423843246,dynamic,,"0050,006208,00692,00881",0.0006162328673327,0.0143484734728155,Original dynamic AURORA,AURORA18_DYNAMIC_ORIGINAL,constant_lambda_exposure_match
2024-12-04,AURORA18_REDUCED_REMOVE_006208,optimized,34.23521686238223,2.371215445027531,0.1705473108860419,0.5020814562299408,0.8329708257864556,0.1670291742135443,0.926699423843246,dynamic,,"0050,00692,00881",0.0006129881862983,0.0145820486807519,Reduced-universe: Remove 006208,AURORA18_REDUCED_REMOVE_006208,reduced_universe_sensitivity
2024-12-04,AURORA18_DYNAMIC_ORIGINAL,static_baseline,,2.371215445027531,0.1705473108860419,0.5020814562299408,0.8329708257864556,0.1670291742135443,0.926699423843246,dynamic,,"0050,006208,00692,00881",0.0006162328673327,0.0143484734728155,Static exposure-matched cash baseline,AURORA18_STATIC_EXPOSURE_MATCHED_CASH,constant_lambda_exposure_match
2024-12-04,AURORA18_Exposure_matched_constant_lambda_no_probability_AURORA_34,optimized,34.0,2.0,0.4,0.4,1.0000000000000002,-2.220446049250313e-16,2.0,constant_lambda,34.0,"0050,006208,00692,00881",0.0006168053941428,0.0143773528435367,Exposure-matched constant-lambda no-probability AURORA,AURORA18_Exposure_matched_constant_lambda_no_probability_AURORA_34_0,constant_lambda_exposure_match
2024-12-04,AURORA18_REDUCED_REMOVE_0050,optimized,34.23521686238223,2.371215445027531,0.1705473108860419,0.5020814562299408,0.8329708257864556,0.1670291742135443,0.926699423843246,dynamic,,"006208,00692,00881",0.0006135884783274,0.0143932029612814,Reduced-universe: Remove 0050,AURORA18_REDUCED_REMOVE_0050,reduced_universe_sensitivity
2024-12-04,AURORA18_REDUCED_FULL,optimized,34.23521686238223,2.371215445027531,0.1705473108860419,0.5020814562299408,0.8329708257864556,0.1670291742135443,0.926699423843246,dynamic,,"0050,006208,00692,00881",0.0006162328673327,0.0143484734728155,Reduced-universe: Full universe,AURORA18_REDUCED_FULL,reduced_universe_sensitivity
2024-12-04,AURORA18_REDUCED_SYNTH_TW50,optimized,34.23521686238223,2.371215445027531,0.1705473108860419,0.5020814562299408,0.8329708257864556,0.1670291742135443,0.926699423843246,dynamic,,"TW50_SYN,00692,00881",0.0006134346753531,0.0144880576633158,Reduced-universe: Synthetic Taiwan 50 sleeve,AURORA18_REDUCED_SYNTH_TW50,reduced_universe_sensitivity
2024-12-04,AURORA18_Exposure_matched_constant_lambda_AURORA_34,optimized,34.0,2.371215445027531,0.1705473108860419,0.5020814562299408,0.8329708257864556,0.1670291742135443,0.926699423843246,constant_lambda,34.0,"0050,006208,00692,00881",0.0006174772217848,0.0143775289406354,Exposure-matched constant-lambda AURORA,AURORA18_Exposure_matched_constant_lambda_AURORA_34_0,constant_lambda_exposure_match
2024-12-05,AURORA18_REDUCED_FULL,optimized,34.12226509137572,2.284529601555047,0.1804209475759105,0.45140770561228,0.8205538455943003,0.1794461544056996,0.8804533602730791,dynamic,,"0050,006208,00692,00881",0.0005674912444801,0.013911392440785,Reduced-universe: Full universe,AURORA18_REDUCED_FULL,reduced_universe_sensitivity
2024-12-05,AURORA18_REDUCED_REMOVE_006208,optimized,34.12226509137572,2.284529601555047,0.1804209475759105,0.45140770561228,0.8205538455943003,0.1794461544056996,0.8804533602730791,dynamic,,"0050,00692,00881",0.0005642899686935,0.0141573602965504,Reduced-universe: Remove 006208,AURORA18_REDUCED_REMOVE_006208,reduced_universe_sensitivity
2024-12-05,AURORA18_DYNAMIC_ORIGINAL,optimized,34.12226509137572,2.284529601555047,0.1804209475759105,0.45140770561228,0.8205538455943003,0.1794461544056996,0.8804533602730791,dynamic,,"0050,006208,00692,00881",0.0005674912444801,0.013911392440785,Original dynamic AURORA,AURORA18_DYNAMIC_ORIGINAL,constant_lambda_exposure_match
2024-12-05,AURORA18_Exposure_matched_constant_lambda_AURORA_34,optimized,34.0,2.284529601555047,0.1804209475759105,0.45140770561228,0.8205538455943003,0.1794461544056996,0.8804533602730791,constant_lambda,34.0,"0050,006208,00692,00881",0.0005687024158422,0.0139411407710889,Exposure-matched constant-lambda AURORA,AURORA18_Exposure_matched_constant_lambda_AURORA_34_0,constant_lambda_exposure_match
2024-12-05,AURORA18_REDUCED_SYNTH_TW50,optimized,34.12226509137572,2.284529601555047,0.1804209475759105,0.45140770561228,0.8205538455943003,0.1794461544056996,0.8804533602730791,dynamic,,"TW50_SYN,00692,00881",0.0005671370434375,0.0140768673351363,Reduced-universe: Synthetic Taiwan 50 sleeve,AURORA18_REDUCED_SYNTH_TW50,reduced_universe_sensitivity
2024-12-05,AURORA18_REDUCED_REMOVE_0050,optimized,34.12226509137572,2.284529601555047,0.1804209475759105,0.45140770561228,0.8205538455943003,0.1794461544056996,0.8804533602730791,dynamic,,"006208,00692,00881",0.0005697836902677,0.0139943928880819,Reduced-universe: Remove 0050,AURORA18_REDUCED_REMOVE_0050,reduced_universe_sensitivity
2024-12-05,AURORA18_Exposure_matched_constant_lambda_no_probability_AURORA_34,optimized,34.0,2.0,0.4,0.4,1.0000000000000002,-2.220446049250313e-16,2.0,constant_lambda,34.0,"0050,006208,00692,00881",0.0005681829579066,0.0139409518178179,Exposure-matched constant-lambda no-probability AURORA,AURORA18_Exposure_matched_constant_lambda_no_probability_AURORA_34_0,constant_lambda_exposure_match
2024-12-05,AURORA18_DYNAMIC_ORIGINAL,static_baseline,,2.284529601555047,0.1804209475759105,0.45140770561228,0.8205538455943003,0.1794461544056996,0.8804533602730791,dynamic,,"0050,006208,00692,00881",0.0005674912444801,0.013911392440785,Static exposure-matched cash baseline,AURORA18_STATIC_EXPOSURE_MATCHED_CASH,constant_lambda_exposure_match
2024-12-06,AURORA18_DYNAMIC_ORIGINAL,static_baseline,,2.359660036282496,0.1705127720939589,0.4947282024009992,0.8160181093994711,0.1839818906005289,0.8681136826533882,dynamic,,"0050,006208,00692,00881",0.0006500282793899,0.0134456647476119,Static exposure-matched cash baseline,AURORA18_STATIC_EXPOSURE_MATCHED_CASH,constant_lambda_exposure_match
2024-12-06,AURORA18_REDUCED_SYNTH_TW50,optimized,33.81070817686596,2.359660036282496,0.1705127720939589,0.4947282024009992,0.8160181093994711,0.1839818906005289,0.8681136826533882,dynamic,,"TW50_SYN,00692,00881",0.0006503858873014,0.0136355651507478,Reduced-universe: Synthetic Taiwan 50 sleeve,AURORA18_REDUCED_SYNTH_TW50,reduced_universe_sensitivity
2024-12-06,AURORA18_REDUCED_REMOVE_0050,optimized,33.81070817686596,2.359660036282496,0.1705127720939589,0.4947282024009992,0.8160181093994711,0.1839818906005289,0.8681136826533882,dynamic,,"006208,00692,00881",0.0006536852669516,0.0135623080451055,Reduced-universe: Remove 0050,AURORA18_REDUCED_REMOVE_0050,reduced_universe_sensitivity
2024-12-06,AURORA18_Exposure_matched_constant_lambda_no_probability_AURORA_34,optimized,34.0,2.0,0.4,0.4,1.0000000000000002,-2.220446049250313e-16,2.0,constant_lambda,34.0,"0050,006208,00692,00881",0.0006506841087102,0.0134717458078428,Exposure-matched constant-lambda no-probability AURORA,AURORA18_Exposure_matched_constant_lambda_no_probability_AURORA_34_0,constant_lambda_exposure_match
2024-12-06,AURORA18_REDUCED_FULL,optimized,33.81070817686596,2.359660036282496,0.1705127720939589,0.4947282024009992,0.8160181093994711,0.1839818906005289,0.8681136826533882,dynamic,,"0050,006208,00692,00881",0.0006500282793899,0.0134456647476119,Reduced-universe: Full universe,AURORA18_REDUCED_FULL,reduced_universe_sensitivity
2024-12-06,AURORA18_DYNAMIC_ORIGINAL,optimized,33.81070817686596,2.359660036282496,0.1705127720939589,0.4947282024009992,0.8160181093994711,0.1839818906005289,0.8681136826533882,dynamic,,"0050,006208,00692,00881",0.0006500282793899,0.0134456647476119,Original dynamic AURORA,AURORA18_DYNAMIC_ORIGINAL,constant_lambda_exposure_match
2024-12-06,AURORA18_REDUCED_REMOVE_006208,optimized,33.81070817686596,2.359660036282496,0.1705127720939589,0.4947282024009992,0.8160181093994711,0.1839818906005289,0.8681136826533882,dynamic,,"0050,00692,00881",0.0006468315018189,0.0137056852281688,Reduced-universe: Remove 006208,AURORA18_REDUCED_REMOVE_006208,reduced_universe_sensitivity
2024-12-06,AURORA18_Exposure_matched_constant_lambda_AURORA_34,optimized,34.0,2.359660036282496,0.1705127720939589,0.4947282024009992,0.8160181093994711,0.1839818906005289,0.8681136826533882,constant_lambda,34.0,"0050,006208,00692,00881",0.000651296315128,0.0134719497629734,Exposure-matched constant-lambda AURORA,AURORA18_Exposure_matched_constant_lambda_AURORA_34_0,constant_lambda_exposure_match
2024-12-09,AURORA18_DYNAMIC_ORIGINAL,static_baseline,,2.3706925681421955,0.1725143700270477,0.4966922956520501,0.816030620787075,0.183969379212925,0.8579435283393453,dynamic,,"0050,006208,00692,00881",0.0006143459406756,0.0130035986156398,Static exposure-matched cash baseline,AURORA18_STATIC_EXPOSURE_MATCHED_CASH,constant_lambda_exposure_match
2024-12-09,AURORA18_REDUCED_REMOVE_006208,optimized,33.85105292021783,2.3706925681421955,0.1725143700270477,0.4966922956520501,0.816030620787075,0.183969379212925,0.8579435283393453,dynamic,,"0050,00692,00881",0.0006117580399741,0.0132701935589963,Reduced-universe: Remove 006208,AURORA18_REDUCED_REMOVE_006208,reduced_universe_sensitivity
2024-12-09,AURORA18_Exposure_matched_constant_lambda_no_probability_AURORA_34,optimized,34.0,2.0,0.4,0.4,1.0000000000000002,-2.220446049250313e-16,2.0,constant_lambda,34.0,"0050,006208,00692,00881",0.0006148515531094,0.0130269313804228,Exposure-matched constant-lambda no-probability AURORA,AURORA18_Exposure_matched_constant_lambda_no_probability_AURORA_34_0,constant_lambda_exposure_match
2024-12-09,AURORA18_REDUCED_SYNTH_TW50,optimized,33.85105292021783,2.3706925681421955,0.1725143700270477,0.4966922956520501,0.816030620787075,0.183969379212925,0.8579435283393453,dynamic,,"TW50_SYN,00692,00881",0.0006171748190635,0.0132113011467214,Reduced-universe: Synthetic Taiwan 50 sleeve,AURORA18_REDUCED_SYNTH_TW50,reduced_universe_sensitivity
2024-12-09,AURORA18_DYNAMIC_ORIGINAL,optimized,33.85105292021783,2.3706925681421955,0.1725143700270477,0.4966922956520501,0.816030620787075,0.183969379212925,0.8579435283393453,dynamic,,"0050,006208,00692,00881",0.0006143459406756,0.0130035986156398,Original dynamic AURORA,AURORA18_DYNAMIC_ORIGINAL,constant_lambda_exposure_match
2024-12-09,AURORA18_REDUCED_FULL,optimized,33.85105292021783,2.3706925681421955,0.1725143700270477,0.4966922956520501,0.816030620787075,0.183969379212925,0.8579435283393453,dynamic,,"0050,006208,00692,00881",0.0006143459406756,0.0130035986156398,Reduced-universe: Full universe,AURORA18_REDUCED_FULL,reduced_universe_sensitivity
2024-12-09,AURORA18_Exposure_matched_constant_lambda_AURORA_34,optimized,34.0,2.3706925681421955,0.1725143700270477,0.4966922956520501,0.816030620787075,0.183969379212925,0.8579435283393453,constant_lambda,34.0,"0050,006208,00692,00881",0.0006154556715355,0.0130271500167219,Exposure-matched constant-lambda AURORA,AURORA18_Exposure_matched_constant_lambda_AURORA_34_0,constant_lambda_exposure_match
2024-12-09,AURORA18_REDUCED_REMOVE_0050,optimized,33.85105292021783,2.3706925681421955,0.1725143700270477,0.4966922956520501,0.816030620787075,0.183969379212925,0.8579435283393453,dynamic,,"006208,00692,00881",0.0006224442131994,0.0131482412581223,Reduced-universe: Remove 0050,AURORA18_REDUCED_REMOVE_0050,reduced_universe_sensitivity
2024-12-10,AURORA18_REDUCED_REMOVE_006208,optimized,33.90889949691513,2.430106874560796,0.165301567274087,0.5299605936348604,0.8241147260573358,0.1758852739426641,0.8906156878014286,dynamic,,"0050,00692,00881",0.0006139629657171,0.0128816972065585,Reduced-universe: Remove 006208,AURORA18_REDUCED_REMOVE_006208,reduced_universe_sensitivity
2024-12-10,AURORA18_DYNAMIC_ORIGINAL,static_baseline,,2.430106874560796,0.165301567274087,0.5299605936348604,0.8241147260573358,0.1758852739426641,0.8906156878014286,dynamic,,"0050,006208,00692,00881",0.0006142985256676,0.0126059755334104,Static exposure-matched cash baseline,AURORA18_STATIC_EXPOSURE_MATCHED_CASH,constant_lambda_exposure_match
2024-12-10,AURORA18_REDUCED_FULL,optimized,33.90889949691513,2.430106874560796,0.165301567274087,0.5299605936348604,0.8241147260573358,0.1758852739426641,0.8906156878014286,dynamic,,"0050,006208,00692,00881",0.0006142985256676,0.0126059755334104,Reduced-universe: Full universe,AURORA18_REDUCED_FULL,reduced_universe_sensitivity
2024-12-10,AURORA18_Exposure_matched_constant_lambda_AURORA_34,optimized,34.0,2.430106874560796,0.165301567274087,0.5299605936348604,0.8241147260573358,0.1758852739426641,0.8906156878014286,constant_lambda,34.0,"0050,006208,00692,00881",0.0006153515245323,0.0126276837159768,Exposure-matched constant-lambda AURORA,AURORA18_Exposure_matched_constant_lambda_AURORA_34_0,constant_lambda_exposure_match
2024-12-10,AURORA18_Exposure_matched_constant_lambda_no_probability_AURORA_34,optimized,34.0,2.0,0.4,0.4,1.0000000000000002,-2.220446049250313e-16,2.0,constant_lambda,34.0,"0050,006208,00692,00881",0.0006146862705509,0.0126274464606237,Exposure-matched constant-lambda no-probability AURORA,AURORA18_Exposure_matched_constant_lambda_no_probability_AURORA_34_0,constant_lambda_exposure_match
2024-12-10,AURORA18_REDUCED_SYNTH_TW50,optimized,33.90889949691513,2.430106874560796,0.165301567274087,0.5299605936348604,0.8241147260573358,0.1758852739426641,0.8906156878014286,dynamic,,"TW50_SYN,00692,00881",0.0006190863794858,0.0128328383053101,Reduced-universe: Synthetic Taiwan 50 sleeve,AURORA18_REDUCED_SYNTH_TW50,reduced_universe_sensitivity
2024-12-10,AURORA18_DYNAMIC_ORIGINAL,optimized,33.90889949691513,2.430106874560796,0.165301567274087,0.5299605936348604,0.8241147260573358,0.1758852739426641,0.8906156878014286,dynamic,,"0050,006208,00692,00881",0.0006142985256676,0.0126059755334104,Original dynamic AURORA,AURORA18_DYNAMIC_ORIGINAL,constant_lambda_exposure_match
2024-12-10,AURORA18_REDUCED_REMOVE_0050,optimized,33.90889949691513,2.430106874560796,0.165301567274087,0.5299605936348604,0.8241147260573358,0.1758852739426641,0.8906156878014286,dynamic,,"006208,00692,00881",0.0006240121478155,0.0127788020094055,Reduced-universe: Remove 0050,AURORA18_REDUCED_REMOVE_0050,reduced_universe_sensitivity
2024-12-11,AURORA18_REDUCED_REMOVE_006208,optimized,33.86688657814712,2.480628388128525,0.1587556354065468,0.5565074513559556,0.8276709548006473,0.1723290451993526,0.909664915013206,dynamic,,"0050,00692,00881",0.0004032999621877,0.012512680633377,Reduced-universe: Remove 006208,AURORA18_REDUCED_REMOVE_006208,reduced_universe_sensitivity
2024-12-11,AURORA18_DYNAMIC_ORIGINAL,static_baseline,,2.480628388128525,0.1587556354065468,0.5565074513559556,0.8276709548006473,0.1723290451993526,0.909664915013206,dynamic,,"0050,006208,00692,00881",0.0004051163500455,0.0122271233986438,Static exposure-matched cash baseline,AURORA18_STATIC_EXPOSURE_MATCHED_CASH,constant_lambda_exposure_match
2024-12-11,AURORA18_REDUCED_FULL,optimized,33.86688657814712,2.480628388128525,0.1587556354065468,0.5565074513559556,0.8276709548006473,0.1723290451993526,0.909664915013206,dynamic,,"0050,006208,00692,00881",0.0004051163500455,0.0122271233986438,Reduced-universe: Full universe,AURORA18_REDUCED_FULL,reduced_universe_sensitivity
2024-12-11,AURORA18_Exposure_matched_constant_lambda_no_probability_AURORA_34,optimized,34.0,2.0,0.4,0.4,1.0000000000000002,-2.220446049250313e-16,2.0,constant_lambda,34.0,"0050,006208,00692,00881",0.0004050495464949,0.0122463614403675,Exposure-matched constant-lambda no-probability AURORA,AURORA18_Exposure_matched_constant_lambda_no_probability_AURORA_34_0,constant_lambda_exposure_match
2024-12-11,AURORA18_Exposure_matched_constant_lambda_AURORA_34,optimized,34.0,2.480628388128525,0.1587556354065468,0.5565074513559556,0.8276709548006473,0.1723290451993526,0.909664915013206,constant_lambda,34.0,"0050,006208,00692,00881",0.0004057552695066,0.0122466199393155,Exposure-matched constant-lambda AURORA,AURORA18_Exposure_matched_constant_lambda_AURORA_34_0,constant_lambda_exposure_match
2024-12-11,AURORA18_DYNAMIC_ORIGINAL,optimized,33.86688657814712,2.480628388128525,0.1587556354065468,0.5565074513559556,0.8276709548006473,0.1723290451993526,0.909664915013206,dynamic,,"0050,006208,00692,00881",0.0004051163500455,0.0122271233986438,Original dynamic AURORA,AURORA18_DYNAMIC_ORIGINAL,constant_lambda_exposure_match
2024-12-11,AURORA18_REDUCED_SYNTH_TW50,optimized,33.86688657814712,2.480628388128525,0.1587556354065468,0.5565074513559556,0.8276709548006473,0.1723290451993526,0.909664915013206,dynamic,,"TW50_SYN,00692,00881",0.0004098185931175,0.0124730431918359,Reduced-universe: Synthetic Taiwan 50 sleeve,AURORA18_REDUCED_SYNTH_TW50,reduced_universe_sensitivity
2024-12-11,AURORA18_REDUCED_REMOVE_0050,optimized,33.86688657814712,2.480628388128525,0.1587556354065468,0.5565074513559556,0.8276709548006473,0.1723290451993526,0.909664915013206,dynamic,,"006208,00692,00881",0.0004164096481681,0.0124272898973347,Reduced-universe: Remove 0050,AURORA18_REDUCED_REMOVE_0050,reduced_universe_sensitivity
2024-12-12,AURORA18_DYNAMIC_ORIGINAL,optimized,33.97419763616773,2.4240992852430043,0.1630533188245528,0.52222131488298,0.8285252503870667,0.1714747496129333,0.89918777749343,dynamic,,"0050,006208,00692,00881",0.0003420439437341,0.0118303537011013,Original dynamic AURORA,AURORA18_DYNAMIC_ORIGINAL,constant_lambda_exposure_match
2024-12-12,AURORA18_REDUCED_SYNTH_TW50,optimized,33.97419763616773,2.4240992852430043,0.1630533188245528,0.52222131488298,0.8285252503870667,0.1714747496129333,0.89918777749343,dynamic,,"TW50_SYN,00692,00881",0.0003465777807628,0.0120937140876271,Reduced-universe: Synthetic Taiwan 50 sleeve,AURORA18_REDUCED_SYNTH_TW50,reduced_universe_sensitivity
2024-12-12,AURORA18_REDUCED_REMOVE_006208,optimized,33.97419763616773,2.4240992852430043,0.1630533188245528,0.52222131488298,0.8285252503870667,0.1714747496129333,0.89918777749343,dynamic,,"0050,00692,00881",0.0003444113856522,0.0121233962932662,Reduced-universe: Remove 006208,AURORA18_REDUCED_REMOVE_006208,reduced_universe_sensitivity
2024-12-12,AURORA18_DYNAMIC_ORIGINAL,static_baseline,,2.4240992852430043,0.1630533188245528,0.52222131488298,0.8285252503870667,0.1714747496129333,0.89918777749343,dynamic,,"0050,006208,00692,00881",0.0003420439437341,0.0118303537011013,Static exposure-matched cash baseline,AURORA18_STATIC_EXPOSURE_MATCHED_CASH,constant_lambda_exposure_match
2024-12-12,AURORA18_Exposure_matched_constant_lambda_no_probability_AURORA_34,optimized,34.0,2.0,0.4,0.4,1.0000000000000002,-2.220446049250313e-16,2.0,constant_lambda,34.0,"0050,006208,00692,00881",0.0003419692194724,0.0118486316330865,Exposure-matched constant-lambda no-probability AURORA,AURORA18_Exposure_matched_constant_lambda_no_probability_AURORA_34_0,constant_lambda_exposure_match
2024-12-12,AURORA18_Exposure_matched_constant_lambda_AURORA_34,optimized,34.0,2.4240992852430043,0.1630533188245528,0.52222131488298,0.8285252503870667,0.1714747496129333,0.89918777749343,constant_lambda,34.0,"0050,006208,00692,00881",0.000342579732232,0.0118489068162057,Exposure-matched constant-lambda AURORA,AURORA18_Exposure_matched_constant_lambda_AURORA_34_0,constant_lambda_exposure_match
2024-12-12,AURORA18_REDUCED_REMOVE_0050,optimized,33.97419763616773,2.4240992852430043,0.1630533188245528,0.52222131488298,0.8285252503870667,0.1714747496129333,0.89918777749343,dynamic,,"006208,00692,00881",0.0003485218631614,0.0120572266338147,Reduced-universe: Remove 0050,AURORA18_REDUCED_REMOVE_0050,reduced_universe_sensitivity
2024-12-12,AURORA18_REDUCED_FULL,optimized,33.97419763616773,2.4240992852430043,0.1630533188245528,0.52222131488298,0.8285252503870667,0.1714747496129333,0.89918777749343,dynamic,,"0050,006208,00692,00881",0.0003420439437341,0.0118303537011013,Reduced-universe: Full universe,AURORA18_REDUCED_FULL,reduced_universe_sensitivity
2024-12-13,AURORA18_REDUCED_REMOVE_006208,optimized,33.79787302815779,2.4112204772906543,0.165386850888497,0.5255528921580456,0.8196054404155139,0.1803945595844861,0.8867193443845345,dynamic,,"0050,00692,00881",0.0003645511121409,0.011659619451592,Reduced-universe: Remove 006208,AURORA18_REDUCED_REMOVE_006208,reduced_universe_sensitivity
2024-12-13,AURORA18_DYNAMIC_ORIGINAL,static_baseline,,2.4112204772906543,0.165386850888497,0.5255528921580456,0.8196054404155139,0.1803945595844861,0.8867193443845345,dynamic,,"0050,006208,00692,00881",0.0003615748148725,0.0113570141495444,Static exposure-matched cash baseline,AURORA18_STATIC_EXPOSURE_MATCHED_CASH,constant_lambda_exposure_match
2024-12-13,AURORA18_REDUCED_SYNTH_TW50,optimized,33.79787302815779,2.4112204772906543,0.165386850888497,0.5255528921580456,0.8196054404155139,0.1803945595844861,0.8867193443845345,dynamic,,"TW50_SYN,00692,00881",0.0003655703216112,0.0116307676028431,Reduced-universe: Synthetic Taiwan 50 sleeve,AURORA18_REDUCED_SYNTH_TW50,reduced_universe_sensitivity
2024-12-13,AURORA18_DYNAMIC_ORIGINAL,optimized,33.79787302815779,2.4112204772906543,0.165386850888497,0.5255528921580456,0.8196054404155139,0.1803945595844861,0.8867193443845345,dynamic,,"0050,006208,00692,00881",0.0003615748148725,0.0113570141495444,Original dynamic AURORA,AURORA18_DYNAMIC_ORIGINAL,constant_lambda_exposure_match
2024-12-13,AURORA18_REDUCED_REMOVE_0050,optimized,33.79787302815779,2.4112204772906543,0.165386850888497,0.5255528921580456,0.8196054404155139,0.1803945595844861,0.8867193443845345,dynamic,,"006208,00692,00881",0.0003661779984899,0.0115934263310194,Reduced-universe: Remove 0050,AURORA18_REDUCED_REMOVE_0050,reduced_universe_sensitivity
2024-12-13,AURORA18_Exposure_matched_constant_lambda_AURORA_34,optimized,34.0,2.4112204772906543,0.165386850888497,0.5255528921580456,0.8196054404155139,0.1803945595844861,0.8867193443845345,constant_lambda,34.0,"0050,006208,00692,00881",0.000362075362729,0.0113726959985983,Exposure-matched constant-lambda AURORA,AURORA18_Exposure_matched_constant_lambda_AURORA_34_0,constant_lambda_exposure_match
2024-12-13,AURORA18_REDUCED_FULL,optimized,33.79787302815779,2.4112204772906543,0.165386850888497,0.5255528921580456,0.8196054404155139,0.1803945595844861,0.8867193443845345,dynamic,,"0050,006208,00692,00881",0.0003615748148725,0.0113570141495444,Reduced-universe: Full universe,AURORA18_REDUCED_FULL,reduced_universe_sensitivity
2024-12-13,AURORA18_Exposure_matched_constant_lambda_no_probability_AURORA_34,optimized,34.0,2.0,0.4,0.4,1.0000000000000002,-2.220446049250313e-16,2.0,constant_lambda,34.0,"0050,006208,00692,00881",0.0003615018130706,0.0113724098472614,Exposure-matched constant-lambda no-probability AURORA,AURORA18_Exposure_matched_constant_lambda_no_probability_AURORA_34_0,constant_lambda_exposure_match
2024-12-16,AURORA18_REDUCED_FULL,optimized,33.62462198353035,2.3717545646610008,0.1699523111390763,0.4954784952689826,0.8090230304299529,0.190976969570047,0.8362138720841967,dynamic,,"0050,006208,00692,00881",0.0003555570427183,0.0110107408495896,Reduced-universe: Full universe,AURORA18_REDUCED_FULL,reduced_universe_sensitivity
2024-12-16,AURORA18_REDUCED_REMOVE_0050,optimized,33.62462198353035,2.3717545646610008,0.1699523111390763,0.4954784952689826,0.8090230304299529,0.190976969570047,0.8362138720841967,dynamic,,"006208,00692,00881",0.0003617522692692,0.0112706126284627,Reduced-universe: Remove 0050,AURORA18_REDUCED_REMOVE_0050,reduced_universe_sensitivity
2024-12-16,AURORA18_Exposure_matched_constant_lambda_AURORA_34,optimized,34.0,2.3717545646610008,0.1699523111390763,0.4954784952689826,0.8090230304299529,0.190976969570047,0.8362138720841967,constant_lambda,34.0,"0050,006208,00692,00881",0.0003559260081831,0.0110221366782327,Exposure-matched constant-lambda AURORA,AURORA18_Exposure_matched_constant_lambda_AURORA_34_0,constant_lambda_exposure_match
2024-12-16,AURORA18_REDUCED_SYNTH_TW50,optimized,33.62462198353035,2.3717545646610008,0.1699523111390763,0.4954784952689826,0.8090230304299529,0.190976969570047,0.8362138720841967,dynamic,,"TW50_SYN,00692,00881",0.0003593356545296,0.011297939969999,Reduced-universe: Synthetic Taiwan 50 sleeve,AURORA18_REDUCED_SYNTH_TW50,reduced_universe_sensitivity
2024-12-16,AURORA18_DYNAMIC_ORIGINAL,static_baseline,,2.3717545646610008,0.1699523111390763,0.4954784952689826,0.8090230304299529,0.190976969570047,0.8362138720841967,dynamic,,"0050,006208,00692,00881",0.0003555570427183,0.0110107408495896,Static exposure-matched cash baseline,AURORA18_STATIC_EXPOSURE_MATCHED_CASH,constant_lambda_exposure_match
2024-12-16,AURORA18_DYNAMIC_ORIGINAL,optimized,33.62462198353035,2.3717545646610008,0.1699523111390763,0.4954784952689826,0.8090230304299529,0.190976969570047,0.8362138720841967,dynamic,,"0050,006208,00692,00881",0.0003555570427183,0.0110107408495896,Original dynamic AURORA,AURORA18_DYNAMIC_ORIGINAL,constant_lambda_exposure_match
2024-12-16,AURORA18_REDUCED_REMOVE_006208,optimized,33.62462198353035,2.3717545646610008,0.1699523111390763,0.4954784952689826,0.8090230304299529,0.190976969570047,0.8362138720841967,dynamic,,"0050,00692,00881",0.0003566228576307,0.0113161430856733,Reduced-universe: Remove 006208,AURORA18_REDUCED_REMOVE_006208,reduced_universe_sensitivity
2024-12-16,AURORA18_Exposure_matched_constant_lambda_no_probability_AURORA_34,optimized,34.0,2.0,0.4,0.4,1.0000000000000002,-2.220446049250313e-16,2.0,constant_lambda,34.0,"0050,006208,00692,00881",0.0003554195346483,0.0110218391290419,Exposure-matched constant-lambda no-probability AURORA,AURORA18_Exposure_matched_constant_lambda_no_probability_AURORA_34_0,constant_lambda_exposure_match
2024-12-17,AURORA18_DYNAMIC_ORIGINAL,static_baseline,,2.321491470193752,0.1722629695796367,0.4625634632324814,0.8075126906737483,0.1924873093262517,0.8262698397274564,dynamic,,"0050,006208,00692,00881",0.0003898640740939,0.0106816718547218,Static exposure-matched cash baseline,AURORA18_STATIC_EXPOSURE_MATCHED_CASH,constant_lambda_exposure_match
2024-12-17,AURORA18_REDUCED_SYNTH_TW50,optimized,33.63307665843644,2.321491470193752,0.1722629695796367,0.4625634632324814,0.8075126906737483,0.1924873093262517,0.8262698397274564,dynamic,,"TW50_SYN,00692,00881",0.0003962384917391,0.0109824870413236,Reduced-universe: Synthetic Taiwan 50 sleeve,AURORA18_REDUCED_SYNTH_TW50,reduced_universe_sensitivity
2024-12-17,AURORA18_Exposure_matched_constant_lambda_no_probability_AURORA_34,optimized,34.0,2.0,0.4,0.4,1.0000000000000002,-2.220446049250313e-16,2.0,constant_lambda,34.0,"0050,006208,00692,00881",0.0003897005570406,0.0106888211067155,Exposure-matched constant-lambda no-probability AURORA,AURORA18_Exposure_matched_constant_lambda_no_probability_AURORA_34_0,constant_lambda_exposure_match
2024-12-17,AURORA18_REDUCED_REMOVE_006208,optimized,33.63307665843644,2.321491470193752,0.1722629695796367,0.4625634632324814,0.8075126906737483,0.1924873093262517,0.8262698397274564,dynamic,,"0050,00692,00881",0.0003915062847573,0.0109932262593735,Reduced-universe: Remove 006208,AURORA18_REDUCED_REMOVE_006208,reduced_universe_sensitivity
2024-12-17,AURORA18_DYNAMIC_ORIGINAL,optimized,33.63307665843644,2.321491470193752,0.1722629695796367,0.4625634632324814,0.8075126906737483,0.1924873093262517,0.8262698397274564,dynamic,,"0050,006208,00692,00881",0.0003898640740939,0.0106816718547218,Original dynamic AURORA,AURORA18_DYNAMIC_ORIGINAL,constant_lambda_exposure_match
2024-12-17,AURORA18_REDUCED_FULL,optimized,33.63307665843644,2.321491470193752,0.1722629695796367,0.4625634632324814,0.8075126906737483,0.1924873093262517,0.8262698397274564,dynamic,,"0050,006208,00692,00881",0.0003898640740939,0.0106816718547218,Reduced-universe: Full universe,AURORA18_REDUCED_FULL,reduced_universe_sensitivity
2024-12-17,AURORA18_REDUCED_REMOVE_0050,optimized,33.63307665843644,2.321491470193752,0.1722629695796367,0.4625634632324814,0.8075126906737483,0.1924873093262517,0.8262698397274564,dynamic,,"006208,00692,00881",0.0004008311912848,0.0109618836531032,Reduced-universe: Remove 0050,AURORA18_REDUCED_REMOVE_0050,reduced_universe_sensitivity
2024-12-17,AURORA18_Exposure_matched_constant_lambda_AURORA_34,optimized,34.0,2.321491470193752,0.1722629695796367,0.4625634632324814,0.8075126906737483,0.1924873093262517,0.8262698397274564,constant_lambda,34.0,"0050,006208,00692,00881",0.0003901353885116,0.0106891279103829,Exposure-matched constant-lambda AURORA,AURORA18_Exposure_matched_constant_lambda_AURORA_34_0,constant_lambda_exposure_match
2024-12-18,AURORA18_Exposure_matched_constant_lambda_no_probability_AURORA_34,optimized,34.0,2.0,0.4,0.4,1.0000000000000002,-2.220446049250313e-16,2.0,constant_lambda,34.0,"0050,006208,00692,00881",0.0003404325120739,0.0102996392628418,Exposure-matched constant-lambda no-probability AURORA,AURORA18_Exposure_matched_constant_lambda_no_probability_AURORA_34_0,constant_lambda_exposure_match
2024-12-18,AURORA18_DYNAMIC_ORIGINAL,optimized,33.04875596775785,2.322605715253365,0.16363147795153,0.4592037988745871,0.79104505634909,0.20895494365091,0.7825570689437011,dynamic,,"0050,006208,00692,00881",0.0003409072980507,0.0103015924032713,Original dynamic AURORA,AURORA18_DYNAMIC_ORIGINAL,constant_lambda_exposure_match
2024-12-18,AURORA18_Exposure_matched_constant_lambda_AURORA_34,optimized,34.0,2.322605715253365,0.16363147795153,0.4592037988745871,0.79104505634909,0.20895494365091,0.7825570689437011,constant_lambda,34.0,"0050,006208,00692,00881",0.0003408526266681,0.010299953419159,Exposure-matched constant-lambda AURORA,AURORA18_Exposure_matched_constant_lambda_AURORA_34_0,constant_lambda_exposure_match
2024-12-18,AURORA18_DYNAMIC_ORIGINAL,static_baseline,,2.322605715253365,0.16363147795153,0.4592037988745871,0.79104505634909,0.20895494365091,0.7825570689437011,dynamic,,"0050,006208,00692,00881",0.0003409072980507,0.0103015924032713,Static exposure-matched cash baseline,AURORA18_STATIC_EXPOSURE_MATCHED_CASH,constant_lambda_exposure_match
2024-12-18,AURORA18_REDUCED_SYNTH_TW50,optimized,33.04875596775785,2.322605715253365,0.16363147795153,0.4592037988745871,0.79104505634909,0.20895494365091,0.7825570689437011,dynamic,,"TW50_SYN,00692,00881",0.0003456531235252,0.0106118568116162,Reduced-universe: Synthetic Taiwan 50 sleeve,AURORA18_REDUCED_SYNTH_TW50,reduced_universe_sensitivity
2024-12-18,AURORA18_REDUCED_REMOVE_006208,optimized,33.04875596775785,2.322605715253365,0.16363147795153,0.4592037988745871,0.79104505634909,0.20895494365091,0.7825570689437011,dynamic,,"0050,00692,00881",0.0003425833622128,0.0106141219328417,Reduced-universe: Remove 006208,AURORA18_REDUCED_REMOVE_006208,reduced_universe_sensitivity
2024-12-18,AURORA18_REDUCED_REMOVE_0050,optimized,33.04875596775785,2.322605715253365,0.16363147795153,0.4592037988745871,0.79104505634909,0.20895494365091,0.7825570689437011,dynamic,,"006208,00692,00881",0.000348424711059,0.0105994453486805,Reduced-universe: Remove 0050,AURORA18_REDUCED_REMOVE_0050,reduced_universe_sensitivity
2024-12-18,AURORA18_REDUCED_FULL,optimized,33.04875596775785,2.322605715253365,0.16363147795153,0.4592037988745871,0.79104505634909,0.20895494365091,0.7825570689437011,dynamic,,"0050,006208,00692,00881",0.0003409072980507,0.0103015924032713,Reduced-universe: Full universe,AURORA18_REDUCED_FULL,reduced_universe_sensitivity
2024-12-19,AURORA18_REDUCED_SYNTH_TW50,optimized,32.84676023462045,2.278158911392353,0.1666923831313235,0.4643155639603732,0.780516502879759,0.2194834971202409,0.8295379128519071,dynamic,,"TW50_SYN,00692,00881",0.000295809782696,0.010331645020982,Reduced-universe: Synthetic Taiwan 50 sleeve,AURORA18_REDUCED_SYNTH_TW50,reduced_universe_sensitivity
2024-12-19,AURORA18_DYNAMIC_ORIGINAL,optimized,32.84676023462045,2.278158911392353,0.1666923831313235,0.4643155639603732,0.780516502879759,0.2194834971202409,0.8295379128519071,dynamic,,"0050,006208,00692,00881",0.0002914822781379,0.0100099842034505,Original dynamic AURORA,AURORA18_DYNAMIC_ORIGINAL,constant_lambda_exposure_match
2024-12-19,AURORA18_REDUCED_REMOVE_0050,optimized,32.84676023462045,2.278158911392353,0.1666923831313235,0.4643155639603732,0.780516502879759,0.2194834971202409,0.8295379128519071,dynamic,,"006208,00692,00881",0.0003001020949102,0.0103256933620709,Reduced-universe: Remove 0050,AURORA18_REDUCED_REMOVE_0050,reduced_universe_sensitivity
2024-12-19,AURORA18_Exposure_matched_constant_lambda_no_probability_AURORA_34,optimized,34.0,2.0,0.4,0.4,1.0000000000000002,-2.220446049250313e-16,2.0,constant_lambda,34.0,"0050,006208,00692,00881",0.0002907589177992,0.009997695347968,Exposure-matched constant-lambda no-probability AURORA,AURORA18_Exposure_matched_constant_lambda_no_probability_AURORA_34_0,constant_lambda_exposure_match
2024-12-19,AURORA18_REDUCED_FULL,optimized,32.84676023462045,2.278158911392353,0.1666923831313235,0.4643155639603732,0.780516502879759,0.2194834971202409,0.8295379128519071,dynamic,,"0050,006208,00692,00881",0.0002914822781379,0.0100099842034505,Reduced-universe: Full universe,AURORA18_REDUCED_FULL,reduced_universe_sensitivity
2024-12-19,AURORA18_REDUCED_REMOVE_006208,optimized,32.84676023462045,2.278158911392353,0.1666923831313235,0.4643155639603732,0.780516502879759,0.2194834971202409,0.8295379128519071,dynamic,,"0050,00692,00881",0.0002914633909255,0.0103269612179242,Reduced-universe: Remove 006208,AURORA18_REDUCED_REMOVE_006208,reduced_universe_sensitivity
2024-12-19,AURORA18_DYNAMIC_ORIGINAL,static_baseline,,2.278158911392353,0.1666923831313235,0.4643155639603732,0.780516502879759,0.2194834971202409,0.8295379128519071,dynamic,,"0050,006208,00692,00881",0.0002914822781379,0.0100099842034505,Static exposure-matched cash baseline,AURORA18_STATIC_EXPOSURE_MATCHED_CASH,constant_lambda_exposure_match
2024-12-19,AURORA18_Exposure_matched_constant_lambda_AURORA_34,optimized,34.0,2.278158911392353,0.1666923831313235,0.4643155639603732,0.780516502879759,0.2194834971202409,0.8295379128519071,constant_lambda,34.0,"0050,006208,00692,00881",0.0002911309382603,0.0099980167845488,Exposure-matched constant-lambda AURORA,AURORA18_Exposure_matched_constant_lambda_AURORA_34_0,constant_lambda_exposure_match
2024-12-20,AURORA18_REDUCED_REMOVE_0050,optimized,34.296309307093644,2.314768252201448,0.182319296369524,0.48430211060033,0.8259969351881264,0.1740030648118735,0.9226057114743788,dynamic,,"006208,00692,00881",0.0002362344084529,0.0100521920078494,Reduced-universe: Remove 0050,AURORA18_REDUCED_REMOVE_0050,reduced_universe_sensitivity
2024-12-20,AURORA18_Exposure_matched_constant_lambda_no_probability_AURORA_34,optimized,34.0,2.0,0.4,0.4,1.0000000000000002,-2.220446049250313e-16,2.0,constant_lambda,34.0,"0050,006208,00692,00881",0.0002262131678482,0.0097111606870766,Exposure-matched constant-lambda no-probability AURORA,AURORA18_Exposure_matched_constant_lambda_no_probability_AURORA_34_0,constant_lambda_exposure_match
2024-12-20,AURORA18_DYNAMIC_ORIGINAL,static_baseline,,2.314768252201448,0.182319296369524,0.48430211060033,0.8259969351881264,0.1740030648118735,0.9226057114743788,dynamic,,"0050,006208,00692,00881",0.0002268188078254,0.0097205068869015,Static exposure-matched cash baseline,AURORA18_STATIC_EXPOSURE_MATCHED_CASH,constant_lambda_exposure_match
2024-12-20,AURORA18_REDUCED_REMOVE_006208,optimized,34.296309307093644,2.314768252201448,0.182319296369524,0.48430211060033,0.8259969351881264,0.1740030648118735,0.9226057114743788,dynamic,,"0050,00692,00881",0.0002252050922494,0.0100424292681673,Reduced-universe: Remove 006208,AURORA18_REDUCED_REMOVE_006208,reduced_universe_sensitivity
2024-12-20,AURORA18_REDUCED_FULL,optimized,34.296309307093644,2.314768252201448,0.182319296369524,0.48430211060033,0.8259969351881264,0.1740030648118735,0.9226057114743788,dynamic,,"0050,006208,00692,00881",0.0002268188078254,0.0097205068869015,Reduced-universe: Full universe,AURORA18_REDUCED_FULL,reduced_universe_sensitivity
2024-12-20,AURORA18_REDUCED_SYNTH_TW50,optimized,34.296309307093644,2.314768252201448,0.182319296369524,0.48430211060033,0.8259969351881264,0.1740030648118735,0.9226057114743788,dynamic,,"TW50_SYN,00692,00881",0.0002305980806879,0.0100529973146766,Reduced-universe: Synthetic Taiwan 50 sleeve,AURORA18_REDUCED_SYNTH_TW50,reduced_universe_sensitivity
2024-12-20,AURORA18_DYNAMIC_ORIGINAL,optimized,34.296309307093644,2.314768252201448,0.182319296369524,0.48430211060033,0.8259969351881264,0.1740030648118735,0.9226057114743788,dynamic,,"0050,006208,00692,00881",0.0002268188078254,0.0097205068869015,Original dynamic AURORA,AURORA18_DYNAMIC_ORIGINAL,constant_lambda_exposure_match
2024-12-20,AURORA18_Exposure_matched_constant_lambda_AURORA_34,optimized,34.0,2.314768252201448,0.182319296369524,0.48430211060033,0.8259969351881264,0.1740030648118735,0.9226057114743788,constant_lambda,34.0,"0050,006208,00692,00881",0.0002266069979637,0.0097114902912716,Exposure-matched constant-lambda AURORA,AURORA18_Exposure_matched_constant_lambda_AURORA_34_0,constant_lambda_exposure_match
2024-12-23,AURORA18_REDUCED_FULL,optimized,34.14183037717817,2.40217575413492,0.1680434721287993,0.529061779705455,0.8312384373840873,0.1687615626159126,0.9445709410401886,dynamic,,"0050,006208,00692,00881",0.0001536089673986,0.0094395285597122,Reduced-universe: Full universe,AURORA18_REDUCED_FULL,reduced_universe_sensitivity
2024-12-23,AURORA18_Exposure_matched_constant_lambda_no_probability_AURORA_34,optimized,34.0,2.0,0.4,0.4,1.0000000000000002,-2.220446049250313e-16,2.0,constant_lambda,34.0,"0050,006208,00692,00881",0.0001530202379889,0.0094316463114985,Exposure-matched constant-lambda no-probability AURORA,AURORA18_Exposure_matched_constant_lambda_no_probability_AURORA_34_0,constant_lambda_exposure_match
2024-12-23,AURORA18_REDUCED_REMOVE_0050,optimized,34.14183037717817,2.40217575413492,0.1680434721287993,0.529061779705455,0.8312384373840873,0.1687615626159126,0.9445709410401886,dynamic,,"006208,00692,00881",0.000159928636291,0.0097889501895323,Reduced-universe: Remove 0050,AURORA18_REDUCED_REMOVE_0050,reduced_universe_sensitivity
2024-12-23,AURORA18_DYNAMIC_ORIGINAL,optimized,34.14183037717817,2.40217575413492,0.1680434721287993,0.529061779705455,0.8312384373840873,0.1687615626159126,0.9445709410401886,dynamic,,"0050,006208,00692,00881",0.0001536089673986,0.0094395285597122,Original dynamic AURORA,AURORA18_DYNAMIC_ORIGINAL,constant_lambda_exposure_match
2024-12-23,AURORA18_Exposure_matched_constant_lambda_AURORA_34,optimized,34.0,2.40217575413492,0.1680434721287993,0.529061779705455,0.8312384373840873,0.1687615626159126,0.9445709410401886,constant_lambda,34.0,"0050,006208,00692,00881",0.0001534847021366,0.0094319885361854,Exposure-matched constant-lambda AURORA,AURORA18_Exposure_matched_constant_lambda_AURORA_34_0,constant_lambda_exposure_match
2024-12-23,AURORA18_REDUCED_REMOVE_006208,optimized,34.14183037717817,2.40217575413492,0.1680434721287993,0.529061779705455,0.8312384373840873,0.1687615626159126,0.9445709410401886,dynamic,,"0050,00692,00881",0.0001529564984706,0.009764559728961,Reduced-universe: Remove 006208,AURORA18_REDUCED_REMOVE_006208,reduced_universe_sensitivity
2024-12-23,AURORA18_REDUCED_SYNTH_TW50,optimized,34.14183037717817,2.40217575413492,0.1680434721287993,0.529061779705455,0.8312384373840873,0.1687615626159126,0.9445709410401886,dynamic,,"TW50_SYN,00692,00881",0.0001563707630641,0.0097826204383167,Reduced-universe: Synthetic Taiwan 50 sleeve,AURORA18_REDUCED_SYNTH_TW50,reduced_universe_sensitivity
2024-12-23,AURORA18_DYNAMIC_ORIGINAL,static_baseline,,2.40217575413492,0.1680434721287993,0.529061779705455,0.8312384373840873,0.1687615626159126,0.9445709410401886,dynamic,,"0050,006208,00692,00881",0.0001536089673986,0.0094395285597122,Static exposure-matched cash baseline,AURORA18_STATIC_EXPOSURE_MATCHED_CASH,constant_lambda_exposure_match
2024-12-24,AURORA18_DYNAMIC_ORIGINAL,static_baseline,,2.2612936683631286,0.1899941205102037,0.4514261136134488,0.8156507030156859,0.1843492969843141,0.8806099494352564,dynamic,,"0050,006208,00692,00881",0.0001639076840137,0.0091994492818697,Static exposure-matched cash baseline,AURORA18_STATIC_EXPOSURE_MATCHED_CASH,constant_lambda_exposure_match
2024-12-24,AURORA18_REDUCED_REMOVE_0050,optimized,34.191149985596226,2.2612936683631286,0.1899941205102037,0.4514261136134488,0.8156507030156859,0.1843492969843141,0.8806099494352564,dynamic,,"006208,00692,00881",0.0001670774044654,0.0095627770072594,Reduced-universe: Remove 0050,AURORA18_REDUCED_REMOVE_0050,reduced_universe_sensitivity
2024-12-24,AURORA18_Exposure_matched_constant_lambda_AURORA_34,optimized,34.0,2.2612936683631286,0.1899941205102037,0.4514261136134488,0.8156507030156859,0.1843492969843141,0.8806099494352564,constant_lambda,34.0,"0050,006208,00692,00881",0.0001638028129521,0.0091937086987811,Exposure-matched constant-lambda AURORA,AURORA18_Exposure_matched_constant_lambda_AURORA_34_0,constant_lambda_exposure_match
2024-12-24,AURORA18_REDUCED_REMOVE_006208,optimized,34.191149985596226,2.2612936683631286,0.1899941205102037,0.4514261136134488,0.8156507030156859,0.1843492969843141,0.8806099494352564,dynamic,,"0050,00692,00881",0.000163900985823,0.0095298528237012,Reduced-universe: Remove 006208,AURORA18_REDUCED_REMOVE_006208,reduced_universe_sensitivity
2024-12-24,AURORA18_REDUCED_SYNTH_TW50,optimized,34.191149985596226,2.2612936683631286,0.1899941205102037,0.4514261136134488,0.8156507030156859,0.1843492969843141,0.8806099494352564,dynamic,,"TW50_SYN,00692,00881",0.0001656120548765,0.0095526270200603,Reduced-universe: Synthetic Taiwan 50 sleeve,AURORA18_REDUCED_SYNTH_TW50,reduced_universe_sensitivity
2024-12-24,AURORA18_REDUCED_FULL,optimized,34.191149985596226,2.2612936683631286,0.1899941205102037,0.4514261136134488,0.8156507030156859,0.1843492969843141,0.8806099494352564,dynamic,,"0050,006208,00692,00881",0.0001639076840137,0.0091994492818697,Reduced-universe: Full universe,AURORA18_REDUCED_FULL,reduced_universe_sensitivity
2024-12-24,AURORA18_Exposure_matched_constant_lambda_no_probability_AURORA_34,optimized,34.0,2.0,0.4,0.4,1.0000000000000002,-2.220446049250313e-16,2.0,constant_lambda,34.0,"0050,006208,00692,00881",0.0001634835844809,0.0091933612216409,Exposure-matched constant-lambda no-probability AURORA,AURORA18_Exposure_matched_constant_lambda_no_probability_AURORA_34_0,constant_lambda_exposure_match
2024-12-24,AURORA18_DYNAMIC_ORIGINAL,optimized,34.191149985596226,2.2612936683631286,0.1899941205102037,0.4514261136134488,0.8156507030156859,0.1843492969843141,0.8806099494352564,dynamic,,"0050,006208,00692,00881",0.0001639076840137,0.0091994492818697,Original dynamic AURORA,AURORA18_DYNAMIC_ORIGINAL,constant_lambda_exposure_match
2024-12-25,AURORA18_REDUCED_REMOVE_0050,optimized,34.45263276829559,2.2024665267339185,0.2013282693272525,0.4157366040851962,0.8170426952700217,0.1829573047299783,0.8767637109361903,dynamic,,"006208,00692,00881",0.0001471976108701,0.0092968233979158,Reduced-universe: Remove 0050,AURORA18_REDUCED_REMOVE_0050,reduced_universe_sensitivity
2024-12-25,AURORA18_Exposure_matched_constant_lambda_AURORA_34,optimized,34.0,2.2024665267339185,0.2013282693272525,0.4157366040851962,0.8170426952700217,0.1829573047299783,0.8767637109361903,constant_lambda,34.0,"0050,006208,00692,00881",0.0001432531747819,0.0089165852091707,Exposure-matched constant-lambda AURORA,AURORA18_Exposure_matched_constant_lambda_AURORA_34_0,constant_lambda_exposure_match
2024-12-25,AURORA18_REDUCED_REMOVE_006208,optimized,34.45263276829559,2.2024665267339185,0.2013282693272525,0.4157366040851962,0.8170426952700217,0.1829573047299783,0.8767637109361903,dynamic,,"0050,00692,00881",0.0001433590163665,0.0092520176817209,Reduced-universe: Remove 006208,AURORA18_REDUCED_REMOVE_006208,reduced_universe_sensitivity
2024-12-25,AURORA18_Exposure_matched_constant_lambda_no_probability_AURORA_34,optimized,34.0,2.0,0.4,0.4,1.0000000000000002,-2.220446049250313e-16,2.0,constant_lambda,34.0,"0050,006208,00692,00881",0.000142999437493,0.0089162362078975,Exposure-matched constant-lambda no-probability AURORA,AURORA18_Exposure_matched_constant_lambda_no_probability_AURORA_34_0,constant_lambda_exposure_match
2024-12-25,AURORA18_REDUCED_SYNTH_TW50,optimized,34.45263276829559,2.2024665267339185,0.2013282693272525,0.4157366040851962,0.8170426952700217,0.1829573047299783,0.8767637109361903,dynamic,,"TW50_SYN,00692,00881",0.0001453584289299,0.0092809024005473,Reduced-universe: Synthetic Taiwan 50 sleeve,AURORA18_REDUCED_SYNTH_TW50,reduced_universe_sensitivity
2024-12-25,AURORA18_DYNAMIC_ORIGINAL,optimized,34.45263276829559,2.2024665267339185,0.2013282693272525,0.4157366040851962,0.8170426952700217,0.1829573047299783,0.8767637109361903,dynamic,,"0050,006208,00692,00881",0.0001432838804466,0.0089184693095438,Original dynamic AURORA,AURORA18_DYNAMIC_ORIGINAL,constant_lambda_exposure_match
2024-12-25,AURORA18_DYNAMIC_ORIGINAL,static_baseline,,2.2024665267339185,0.2013282693272525,0.4157366040851962,0.8170426952700217,0.1829573047299783,0.8767637109361903,dynamic,,"0050,006208,00692,00881",0.0001432838804466,0.0089184693095438,Static exposure-matched cash baseline,AURORA18_STATIC_EXPOSURE_MATCHED_CASH,constant_lambda_exposure_match
2024-12-25,AURORA18_REDUCED_FULL,optimized,34.45263276829559,2.2024665267339185,0.2013282693272525,0.4157366040851962,0.8170426952700217,0.1829573047299783,0.8767637109361903,dynamic,,"0050,006208,00692,00881",0.0001432838804466,0.0089184693095438,Reduced-universe: Full universe,AURORA18_REDUCED_FULL,reduced_universe_sensitivity
2024-12-26,AURORA18_Exposure_matched_constant_lambda_no_probability_AURORA_34,optimized,34.0,2.0,0.4,0.4,1.0000000000000002,-2.220446049250313e-16,2.0,constant_lambda,34.0,"0050,006208,00692,00881",0.0001546151078402,0.008642565778269,Exposure-matched constant-lambda no-probability AURORA,AURORA18_Exposure_matched_constant_lambda_no_probability_AURORA_34_0,constant_lambda_exposure_match
2024-12-26,AURORA18_REDUCED_REMOVE_006208,optimized,33.73540718906592,2.208620427674469,0.1915066999551486,0.4100973451534472,0.7962109275985179,0.2037890724014821,0.8130922029355618,dynamic,,"0050,00692,00881",0.0001552719073904,0.008983104322324,Reduced-universe: Remove 006208,AURORA18_REDUCED_REMOVE_006208,reduced_universe_sensitivity
2024-12-26,AURORA18_REDUCED_SYNTH_TW50,optimized,33.73540718906592,2.208620427674469,0.1915066999551486,0.4100973451534472,0.7962109275985179,0.2037890724014821,0.8130922029355618,dynamic,,"TW50_SYN,00692,00881",0.0001577055417072,0.0090173178610373,Reduced-universe: Synthetic Taiwan 50 sleeve,AURORA18_REDUCED_SYNTH_TW50,reduced_universe_sensitivity
2024-12-26,AURORA18_Exposure_matched_constant_lambda_AURORA_34,optimized,34.0,2.208620427674469,0.1915066999551486,0.4100973451534472,0.7962109275985179,0.2037890724014821,0.8130922029355618,constant_lambda,34.0,"0050,006208,00692,00881",0.0001548652230284,0.0086429161125692,Exposure-matched constant-lambda AURORA,AURORA18_Exposure_matched_constant_lambda_AURORA_34_0,constant_lambda_exposure_match
2024-12-26,AURORA18_REDUCED_REMOVE_0050,optimized,33.73540718906592,2.208620427674469,0.1915066999551486,0.4100973451534472,0.7962109275985179,0.2037890724014821,0.8130922029355618,dynamic,,"006208,00692,00881",0.0001599910754453,0.0090382563073498,Reduced-universe: Remove 0050,AURORA18_REDUCED_REMOVE_0050,reduced_universe_sensitivity
2024-12-26,AURORA18_DYNAMIC_ORIGINAL,optimized,33.73540718906592,2.208620427674469,0.1915066999551486,0.4100973451534472,0.7962109275985179,0.2037890724014821,0.8130922029355618,dynamic,,"0050,006208,00692,00881",0.0001549364063213,0.0086468212136543,Original dynamic AURORA,AURORA18_DYNAMIC_ORIGINAL,constant_lambda_exposure_match
2024-12-26,AURORA18_DYNAMIC_ORIGINAL,static_baseline,,2.208620427674469,0.1915066999551486,0.4100973451534472,0.7962109275985179,0.2037890724014821,0.8130922029355618,dynamic,,"0050,006208,00692,00881",0.0001549364063213,0.0086468212136543,Static exposure-matched cash baseline,AURORA18_STATIC_EXPOSURE_MATCHED_CASH,constant_lambda_exposure_match
2024-12-26,AURORA18_REDUCED_FULL,optimized,33.73540718906592,2.208620427674469,0.1915066999551486,0.4100973451534472,0.7962109275985179,0.2037890724014821,0.8130922029355618,dynamic,,"0050,006208,00692,00881",0.0001549364063213,0.0086468212136543,Reduced-universe: Full universe,AURORA18_REDUCED_FULL,reduced_universe_sensitivity
2024-12-27,AURORA18_REDUCED_REMOVE_0050,optimized,33.63096077447244,2.214504846622896,0.1900526967157479,0.4099039339951112,0.7931962736062992,0.2068037263937008,0.7985715774978894,dynamic,,"006208,00692,00881",0.0002496180449043,0.0087874986128578,Reduced-universe: Remove 0050,AURORA18_REDUCED_REMOVE_0050,reduced_universe_sensitivity
2024-12-27,AURORA18_Exposure_matched_constant_lambda_AURORA_34,optimized,34.0,2.214504846622896,0.1900526967157479,0.4099039339951112,0.7931962736062992,0.2068037263937008,0.7985715774978894,constant_lambda,34.0,"0050,006208,00692,00881",0.0002379605404099,0.0083779269925551,Exposure-matched constant-lambda AURORA,AURORA18_Exposure_matched_constant_lambda_AURORA_34_0,constant_lambda_exposure_match
2024-12-27,AURORA18_REDUCED_SYNTH_TW50,optimized,33.63096077447244,2.214504846622896,0.1900526967157479,0.4099039339951112,0.7931962736062992,0.2068037263937008,0.7985715774978894,dynamic,,"TW50_SYN,00692,00881",0.0002456867063569,0.0087617064154215,Reduced-universe: Synthetic Taiwan 50 sleeve,AURORA18_REDUCED_SYNTH_TW50,reduced_universe_sensitivity
2024-12-27,AURORA18_DYNAMIC_ORIGINAL,static_baseline,,2.214504846622896,0.1900526967157479,0.4099039339951112,0.7931962736062992,0.2068037263937008,0.7985715774978894,dynamic,,"0050,006208,00692,00881",0.000238148661618,0.0083845123103638,Static exposure-matched cash baseline,AURORA18_STATIC_EXPOSURE_MATCHED_CASH,constant_lambda_exposure_match
2024-12-27,AURORA18_DYNAMIC_ORIGINAL,optimized,33.63096077447244,2.214504846622896,0.1900526967157479,0.4099039339951112,0.7931962736062992,0.2068037263937008,0.7985715774978894,dynamic,,"0050,006208,00692,00881",0.000238148661618,0.0083845123103638,Original dynamic AURORA,AURORA18_DYNAMIC_ORIGINAL,constant_lambda_exposure_match
2024-12-27,AURORA18_REDUCED_REMOVE_006208,optimized,33.63096077447244,2.214504846622896,0.1900526967157479,0.4099039339951112,0.7931962736062992,0.2068037263937008,0.7985715774978894,dynamic,,"0050,00692,00881",0.0002417041038248,0.008722468626187,Reduced-universe: Remove 006208,AURORA18_REDUCED_REMOVE_006208,reduced_universe_sensitivity
2024-12-27,AURORA18_Exposure_matched_constant_lambda_no_probability_AURORA_34,optimized,34.0,2.0,0.4,0.4,1.0000000000000002,-2.220446049250313e-16,2.0,constant_lambda,34.0,"0050,006208,00692,00881",0.0002377092294304,0.0083775740682108,Exposure-matched constant-lambda no-probability AURORA,AURORA18_Exposure_matched_constant_lambda_no_probability_AURORA_34_0,constant_lambda_exposure_match
2024-12-27,AURORA18_REDUCED_FULL,optimized,33.63096077447244,2.214504846622896,0.1900526967157479,0.4099039339951112,0.7931962736062992,0.2068037263937008,0.7985715774978894,dynamic,,"0050,006208,00692,00881",0.000238148661618,0.0083845123103638,Reduced-universe: Full universe,AURORA18_REDUCED_FULL,reduced_universe_sensitivity
2024-12-30,AURORA18_DYNAMIC_ORIGINAL,static_baseline,,2.1808968476795787,0.2010694161928012,0.3949502526321291,0.7926002942112627,0.2073997057887373,0.7976388706058177,dynamic,,"0050,006208,00692,00881",0.0002356410747539,0.0080810832362419,Static exposure-matched cash baseline,AURORA18_STATIC_EXPOSURE_MATCHED_CASH,constant_lambda_exposure_match
2024-12-30,AURORA18_Exposure_matched_constant_lambda_no_probability_AURORA_34,optimized,34.0,2.0,0.4,0.4,1.0000000000000002,-2.220446049250313e-16,2.0,constant_lambda,34.0,"0050,006208,00692,00881",0.0002352027764358,0.0080732184002251,Exposure-matched constant-lambda no-probability AURORA,AURORA18_Exposure_matched_constant_lambda_no_probability_AURORA_34_0,constant_lambda_exposure_match
2024-12-30,AURORA18_Exposure_matched_constant_lambda_AURORA_34,optimized,34.0,2.1808968476795787,0.2010694161928012,0.3949502526321291,0.7926002942112627,0.2073997057887373,0.7976388706058177,constant_lambda,34.0,"0050,006208,00692,00881",0.0002354182947821,0.0080735692442533,Exposure-matched constant-lambda AURORA,AURORA18_Exposure_matched_constant_lambda_AURORA_34_0,constant_lambda_exposure_match
2024-12-30,AURORA18_REDUCED_REMOVE_0050,optimized,33.836395679137595,2.1808968476795787,0.2010694161928012,0.3949502526321291,0.7926002942112627,0.2073997057887373,0.7976388706058177,dynamic,,"006208,00692,00881",0.0002448173188944,0.0084920001752948,Reduced-universe: Remove 0050,AURORA18_REDUCED_REMOVE_0050,reduced_universe_sensitivity
2024-12-30,AURORA18_REDUCED_FULL,optimized,33.836395679137595,2.1808968476795787,0.2010694161928012,0.3949502526321291,0.7926002942112627,0.2073997057887373,0.7976388706058177,dynamic,,"0050,006208,00692,00881",0.0002356410747539,0.0080810832362419,Reduced-universe: Full universe,AURORA18_REDUCED_FULL,reduced_universe_sensitivity
2024-12-30,AURORA18_REDUCED_SYNTH_TW50,optimized,33.836395679137595,2.1808968476795787,0.2010694161928012,0.3949502526321291,0.7926002942112627,0.2073997057887373,0.7976388706058177,dynamic,,"TW50_SYN,00692,00881",0.0002419854710523,0.0084630963986284,Reduced-universe: Synthetic Taiwan 50 sleeve,AURORA18_REDUCED_SYNTH_TW50,reduced_universe_sensitivity
2024-12-30,AURORA18_REDUCED_REMOVE_006208,optimized,33.836395679137595,2.1808968476795787,0.2010694161928012,0.3949502526321291,0.7926002942112627,0.2073997057887373,0.7976388706058177,dynamic,,"0050,00692,00881",0.0002388158592139,0.0084205861747535,Reduced-universe: Remove 006208,AURORA18_REDUCED_REMOVE_006208,reduced_universe_sensitivity
2024-12-30,AURORA18_DYNAMIC_ORIGINAL,optimized,33.836395679137595,2.1808968476795787,0.2010694161928012,0.3949502526321291,0.7926002942112627,0.2073997057887373,0.7976388706058177,dynamic,,"0050,006208,00692,00881",0.0002356410747539,0.0080810832362419,Original dynamic AURORA,AURORA18_DYNAMIC_ORIGINAL,constant_lambda_exposure_match
2024-12-31,AURORA18_DYNAMIC_ORIGINAL,optimized,33.583722795812605,2.2784982176832447,0.1825935854176559,0.4548580578604456,0.7972740434983794,0.2027259565016206,0.8203402092435006,dynamic,,"0050,006208,00692,00881",0.0002146709320159,0.0078528553817231,Original dynamic AURORA,AURORA18_DYNAMIC_ORIGINAL,constant_lambda_exposure_match
2024-12-31,AURORA18_REDUCED_FULL,optimized,33.583722795812605,2.2784982176832447,0.1825935854176559,0.4548580578604456,0.7972740434983794,0.2027259565016206,0.8203402092435006,dynamic,,"0050,006208,00692,00881",0.0002146709320159,0.0078528553817231,Reduced-universe: Full universe,AURORA18_REDUCED_FULL,reduced_universe_sensitivity
2024-12-31,AURORA18_REDUCED_SYNTH_TW50,optimized,33.583722795812605,2.2784982176832447,0.1825935854176559,0.4548580578604456,0.7972740434983794,0.2027259565016206,0.8203402092435006,dynamic,,"TW50_SYN,00692,00881",0.0002199620651214,0.0082403005817185,Reduced-universe: Synthetic Taiwan 50 sleeve,AURORA18_REDUCED_SYNTH_TW50,reduced_universe_sensitivity
2024-12-31,AURORA18_DYNAMIC_ORIGINAL,static_baseline,,2.2784982176832447,0.1825935854176559,0.4548580578604456,0.7972740434983794,0.2027259565016206,0.8203402092435006,dynamic,,"0050,006208,00692,00881",0.0002146709320159,0.0078528553817231,Static exposure-matched cash baseline,AURORA18_STATIC_EXPOSURE_MATCHED_CASH,constant_lambda_exposure_match
2024-12-31,AURORA18_REDUCED_REMOVE_006208,optimized,33.583722795812605,2.2784982176832447,0.1825935854176559,0.4548580578604456,0.7972740434983794,0.2027259565016206,0.8203402092435006,dynamic,,"0050,00692,00881",0.0002156374571116,0.0081935399960519,Reduced-universe: Remove 006208,AURORA18_REDUCED_REMOVE_006208,reduced_universe_sensitivity
2024-12-31,AURORA18_Exposure_matched_constant_lambda_AURORA_34,optimized,34.0,2.2784982176832447,0.1825935854176559,0.4548580578604456,0.7972740434983794,0.2027259565016206,0.8203402092435006,constant_lambda,34.0,"0050,006208,00692,00881",0.0002143870619822,0.0078426496760899,Exposure-matched constant-lambda AURORA,AURORA18_Exposure_matched_constant_lambda_AURORA_34_0,constant_lambda_exposure_match
2024-12-31,AURORA18_Exposure_matched_constant_lambda_no_probability_AURORA_34,optimized,34.0,2.0,0.4,0.4,1.0000000000000002,-2.220446049250313e-16,2.0,constant_lambda,34.0,"0050,006208,00692,00881",0.0002141001616875,0.007842293096461,Exposure-matched constant-lambda no-probability AURORA,AURORA18_Exposure_matched_constant_lambda_no_probability_AURORA_34_0,constant_lambda_exposure_match
2024-12-31,AURORA18_REDUCED_REMOVE_0050,optimized,33.583722795812605,2.2784982176832447,0.1825935854176559,0.4548580578604456,0.7972740434983794,0.2027259565016206,0.8203402092435006,dynamic,,"006208,00692,00881",0.0002242083794581,0.008273273379888,Reduced-universe: Remove 0050,AURORA18_REDUCED_REMOVE_0050,reduced_universe_sensitivity
