section,item,finding,use_in_manuscript
Canonical passive benchmark performance,Canonical 0050-only,"Total return=0.6623, Sharpe=1.7466, Sortino=2.2879, max drawdown=-0.2748",Use as canonical passive benchmark if replacing source-specific passive rows.
Canonical passive benchmark performance,Canonical 00881-only,"Total return=0.7495, Sharpe=1.7759, Sortino=2.2515, max drawdown=-0.3000",Use as canonical passive benchmark if replacing source-specific passive rows.
Canonical passive benchmark performance,Canonical equal-weight four-ETF,"Total return=0.6617, Sharpe=1.7345, Sortino=2.2402, max drawdown=-0.2784",Use as canonical passive benchmark if replacing source-specific passive rows.
Valid source-aware versus canonical passive reconciliation,ROMA-B6 vs Canonical 00881-only,Common dates=319; source-canonical total-return diff=-0.003558; daily return correlation=0.999978; mean abs daily diff=0.00000627,Report canonical passive series in the main text; preserve source-specific rows only for audit.
Valid source-aware versus canonical passive reconciliation,AURORA-B6 vs Canonical 00881-only,Common dates=319; source-canonical total-return diff=-0.001779; daily return correlation=0.999995; mean abs daily diff=0.00000313,Report canonical passive series in the main text; preserve source-specific rows only for audit.
Valid source-aware versus canonical passive reconciliation,ROMA-B3 vs Canonical 0050-only,Common dates=319; source-canonical total-return diff=-0.003373; daily return correlation=0.999974; mean abs daily diff=0.00000627,Report canonical passive series in the main text; preserve source-specific rows only for audit.
Valid source-aware versus canonical passive reconciliation,AURORA-B3 vs Canonical 0050-only,Common dates=319; source-canonical total-return diff=-0.001687; daily return correlation=0.999994; mean abs daily diff=0.00000313,Report canonical passive series in the main text; preserve source-specific rows only for audit.
Skipped passive reconciliation,ROMA-B1 vs Canonical equal-weight four-ETF,Skipped because: not_found,Do not use fuzzy-matched reconciliation for this row. Use canonical passive benchmark directly.
Skipped passive reconciliation,AURORA-B1 vs Canonical equal-weight four-ETF,Skipped because: not_found,Do not use fuzzy-matched reconciliation for this row. Use canonical passive benchmark directly.
