feature_column,source_variable,required_lag_tw_trading_days,source_panel_path,source_panel_column,best_transform,best_lag_tw_trading_days,best_corr,best_abs_corr,best_n_obs,exact_or_near_exact_empirical_match,empirical_timestamp_violation,empirical_effective_date_used
0050_ret_lag_1d,0050,0,/content/drive/MyDrive/AURORA_TWETF/data/raw_yfinance/0050_0050_TW.csv,Adj Close_0050.TW,pct_change_1,1,1.0,1.0,1262,True,False,t-1 Taiwan trading day(s)
0050_ret_lag_2d,0050,0,/content/drive/MyDrive/AURORA_TWETF/data/raw_yfinance/0050_0050_TW.csv,Adj Close_0050.TW,pct_change_1,2,0.9999999999999999,0.9999999999999999,1261,True,False,t-2 Taiwan trading day(s)
0050_ret_lag_3d,0050,0,/content/drive/MyDrive/AURORA_TWETF/data/raw_yfinance/0050_0050_TW.csv,Adj Close_0050.TW,pct_change_1,3,0.9999999999999993,0.9999999999999993,1260,True,False,t-3 Taiwan trading day(s)
0050_ret_lag_5d,0050,0,/content/drive/MyDrive/AURORA_TWETF/data/raw_yfinance/0050_0050_TW.csv,Adj Close_0050.TW,pct_change_1,5,1.0,1.0,1258,True,False,t-5 Taiwan trading day(s)
0050_ret_lag_10d,0050,0,/content/drive/MyDrive/AURORA_TWETF/data/raw_yfinance/0050_0050_TW.csv,Adj Close_0050.TW,logret_20,1,0.2352490618396029,0.2352490618396029,1243,False,False,t-1 Taiwan trading day(s)
0050_ret_lag_20d,0050,0,/content/drive/MyDrive/AURORA_TWETF/data/raw_yfinance/0050_0050_TW.csv,Adj Close_0050.TW,pct_change_20,1,0.2394044687274427,0.2394044687274427,1243,False,False,t-1 Taiwan trading day(s)
0050_momentum_5d_lag1,0050,0,/content/drive/MyDrive/AURORA_TWETF/data/raw_yfinance/0050_0050_TW.csv,Adj Close_0050.TW,pct_change_5,1,0.9999999999999998,0.9999999999999998,1258,True,False,t-1 Taiwan trading day(s)
0050_volatility_5d_lag1,0050,0,/content/drive/MyDrive/AURORA_TWETF/data/raw_yfinance/0050_0050_TW.csv,Adj Close_0050.TW,rolling_std_5_pct,1,1.0,1.0,1258,True,False,t-1 Taiwan trading day(s)
0050_ma_ratio_5d_lag1,0050,0,/content/drive/MyDrive/AURORA_TWETF/data/raw_yfinance/0050_0050_TW.csv,Adj Close_0050.TW,logret_5,0,0.8089700744411974,0.8089700744411974,1259,False,False,same calendar/trading date t
0050_return_zscore_5d_lag1,0050,0,/content/drive/MyDrive/AURORA_TWETF/data/raw_yfinance/0050_0050_TW.csv,Adj Close_0050.TW,pct_change_1,1,0.7658863067735351,0.7658863067735351,1257,False,False,t-1 Taiwan trading day(s)
0050_momentum_10d_lag1,0050,0,/content/drive/MyDrive/AURORA_TWETF/data/raw_yfinance/0050_0050_TW.csv,Adj Close_0050.TW,rolling_mean_20_pct,0,0.7139938875282094,0.7139938875282094,1244,False,False,same calendar/trading date t
0050_volatility_10d_lag1,0050,0,/content/drive/MyDrive/AURORA_TWETF/data/raw_yfinance/0050_0050_TW.csv,Adj Close_0050.TW,rolling_std_20_pct,-2,0.8455018381804044,0.8455018381804044,1246,False,False,future date t+2 trading day(s)
0050_ma_ratio_10d_lag1,0050,0,/content/drive/MyDrive/AURORA_TWETF/data/raw_yfinance/0050_0050_TW.csv,Adj Close_0050.TW,logret_5,1,0.9203528628669417,0.9203528628669417,1254,False,False,t-1 Taiwan trading day(s)
0050_return_zscore_10d_lag1,0050,0,/content/drive/MyDrive/AURORA_TWETF/data/raw_yfinance/0050_0050_TW.csv,Adj Close_0050.TW,pct_change_1,1,0.8542000707906,0.8542000707906,1253,False,False,t-1 Taiwan trading day(s)
0050_momentum_20d_lag1,0050,0,/content/drive/MyDrive/AURORA_TWETF/data/raw_yfinance/0050_0050_TW.csv,Adj Close_0050.TW,pct_change_20,1,0.9999999999999999,0.9999999999999999,1243,True,False,t-1 Taiwan trading day(s)
0050_volatility_20d_lag1,0050,0,/content/drive/MyDrive/AURORA_TWETF/data/raw_yfinance/0050_0050_TW.csv,Adj Close_0050.TW,rolling_std_20_pct,1,1.0,1.0,1243,True,False,t-1 Taiwan trading day(s)
0050_ma_ratio_20d_lag1,0050,0,/content/drive/MyDrive/AURORA_TWETF/data/raw_yfinance/0050_0050_TW.csv,Adj Close_0050.TW,rolling_mean_20_pct,1,0.8632949887488718,0.8632949887488718,1243,False,False,t-1 Taiwan trading day(s)
0050_return_zscore_20d_lag1,0050,0,/content/drive/MyDrive/AURORA_TWETF/data/raw_yfinance/0050_0050_TW.csv,Adj Close_0050.TW,pct_change_1,1,0.9060786864134371,0.9060786864134371,1243,False,False,t-1 Taiwan trading day(s)
0050_momentum_60d_lag1,0050,0,/content/drive/MyDrive/AURORA_TWETF/data/raw_yfinance/0050_0050_TW.csv,Adj Close_0050.TW,logret_20,4,0.581551533110467,0.581551533110467,1203,False,False,t-4 Taiwan trading day(s)
0050_volatility_60d_lag1,0050,0,/content/drive/MyDrive/AURORA_TWETF/data/raw_yfinance/0050_0050_TW.csv,Adj Close_0050.TW,rolling_std_20_pct,5,0.6911158847299603,0.6911158847299603,1203,False,False,t-5 Taiwan trading day(s)
0050_ma_ratio_60d_lag1,0050,0,/content/drive/MyDrive/AURORA_TWETF/data/raw_yfinance/0050_0050_TW.csv,Adj Close_0050.TW,logret_20,1,0.8375808020503668,0.8375808020503668,1204,False,False,t-1 Taiwan trading day(s)
0050_return_zscore_60d_lag1,0050,0,/content/drive/MyDrive/AURORA_TWETF/data/raw_yfinance/0050_0050_TW.csv,Adj Close_0050.TW,pct_change_1,1,0.949817114197122,0.949817114197122,1203,False,False,t-1 Taiwan trading day(s)
0050_rsi_14d_lag1,0050,0,/content/drive/MyDrive/AURORA_TWETF/data/raw_yfinance/0050_0050_TW.csv,Adj Close_0050.TW,rolling_mean_20_pct,1,0.7969123676620083,0.7969123676620083,1243,False,False,t-1 Taiwan trading day(s)
0050_drawdown_60d_lag1,0050,0,/content/drive/MyDrive/AURORA_TWETF/data/raw_yfinance/0050_0050_TW.csv,Adj Close_0050.TW,logret_20,1,0.7028492156043715,0.7028492156043715,1204,False,False,t-1 Taiwan trading day(s)
006208_ret_lag_1d,006208,0,/content/drive/MyDrive/AURORA_TWETF/data/raw_yfinance/006208_006208_TW.csv,Adj Close_006208.TW,pct_change_1,1,0.9999999999999999,0.9999999999999999,1262,True,False,t-1 Taiwan trading day(s)
006208_ret_lag_2d,006208,0,/content/drive/MyDrive/AURORA_TWETF/data/raw_yfinance/006208_006208_TW.csv,Adj Close_006208.TW,pct_change_1,2,1.0,1.0,1261,True,False,t-2 Taiwan trading day(s)
006208_ret_lag_3d,006208,0,/content/drive/MyDrive/AURORA_TWETF/data/raw_yfinance/006208_006208_TW.csv,Adj Close_006208.TW,pct_change_1,3,1.0,1.0,1260,True,False,t-3 Taiwan trading day(s)
006208_ret_lag_5d,006208,0,/content/drive/MyDrive/AURORA_TWETF/data/raw_yfinance/006208_006208_TW.csv,Adj Close_006208.TW,pct_change_1,5,1.0,1.0,1258,True,False,t-5 Taiwan trading day(s)
006208_ret_lag_10d,006208,0,/content/drive/MyDrive/AURORA_TWETF/data/raw_yfinance/006208_006208_TW.csv,Adj Close_006208.TW,logret_20,1,0.24031200402045755,0.24031200402045755,1243,False,False,t-1 Taiwan trading day(s)
006208_ret_lag_20d,006208,0,/content/drive/MyDrive/AURORA_TWETF/data/raw_yfinance/006208_006208_TW.csv,Adj Close_006208.TW,pct_change_20,2,0.2437092600620356,0.2437092600620356,1242,False,False,t-2 Taiwan trading day(s)
006208_momentum_5d_lag1,006208,0,/content/drive/MyDrive/AURORA_TWETF/data/raw_yfinance/006208_006208_TW.csv,Adj Close_006208.TW,pct_change_5,1,0.9999999999999998,0.9999999999999998,1258,True,False,t-1 Taiwan trading day(s)
006208_volatility_5d_lag1,006208,0,/content/drive/MyDrive/AURORA_TWETF/data/raw_yfinance/006208_006208_TW.csv,Adj Close_006208.TW,rolling_std_5_pct,1,0.9999999999999999,0.9999999999999999,1258,True,False,t-1 Taiwan trading day(s)
006208_ma_ratio_5d_lag1,006208,0,/content/drive/MyDrive/AURORA_TWETF/data/raw_yfinance/006208_006208_TW.csv,Adj Close_006208.TW,logret_5,0,0.8154385621041398,0.8154385621041398,1259,False,False,same calendar/trading date t
006208_return_zscore_5d_lag1,006208,0,/content/drive/MyDrive/AURORA_TWETF/data/raw_yfinance/006208_006208_TW.csv,Adj Close_006208.TW,pct_change_1,1,0.7645323800480313,0.7645323800480313,1258,False,False,t-1 Taiwan trading day(s)
006208_momentum_10d_lag1,006208,0,/content/drive/MyDrive/AURORA_TWETF/data/raw_yfinance/006208_006208_TW.csv,Adj Close_006208.TW,rolling_mean_20_pct,0,0.7179520488894809,0.7179520488894809,1244,False,False,same calendar/trading date t
006208_volatility_10d_lag1,006208,0,/content/drive/MyDrive/AURORA_TWETF/data/raw_yfinance/006208_006208_TW.csv,Adj Close_006208.TW,rolling_std_20_pct,-2,0.8528893438163072,0.8528893438163072,1246,False,False,future date t+2 trading day(s)
006208_ma_ratio_10d_lag1,006208,0,/content/drive/MyDrive/AURORA_TWETF/data/raw_yfinance/006208_006208_TW.csv,Adj Close_006208.TW,logret_5,1,0.9217824071319475,0.9217824071319475,1254,False,False,t-1 Taiwan trading day(s)
006208_return_zscore_10d_lag1,006208,0,/content/drive/MyDrive/AURORA_TWETF/data/raw_yfinance/006208_006208_TW.csv,Adj Close_006208.TW,pct_change_1,1,0.8506208808908015,0.8506208808908015,1253,False,False,t-1 Taiwan trading day(s)
006208_momentum_20d_lag1,006208,0,/content/drive/MyDrive/AURORA_TWETF/data/raw_yfinance/006208_006208_TW.csv,Adj Close_006208.TW,pct_change_20,1,0.9999999999999998,0.9999999999999998,1243,True,False,t-1 Taiwan trading day(s)
006208_volatility_20d_lag1,006208,0,/content/drive/MyDrive/AURORA_TWETF/data/raw_yfinance/006208_006208_TW.csv,Adj Close_006208.TW,rolling_std_20_pct,1,1.0,1.0,1243,True,False,t-1 Taiwan trading day(s)
006208_ma_ratio_20d_lag1,006208,0,/content/drive/MyDrive/AURORA_TWETF/data/raw_yfinance/006208_006208_TW.csv,Adj Close_006208.TW,rolling_mean_20_pct,1,0.8647640121623287,0.8647640121623287,1243,False,False,t-1 Taiwan trading day(s)
006208_return_zscore_20d_lag1,006208,0,/content/drive/MyDrive/AURORA_TWETF/data/raw_yfinance/006208_006208_TW.csv,Adj Close_006208.TW,pct_change_1,1,0.9015418470250804,0.9015418470250804,1243,False,False,t-1 Taiwan trading day(s)
006208_momentum_60d_lag1,006208,0,/content/drive/MyDrive/AURORA_TWETF/data/raw_yfinance/006208_006208_TW.csv,Adj Close_006208.TW,logret_20,4,0.5848148516356931,0.5848148516356931,1203,False,False,t-4 Taiwan trading day(s)
006208_volatility_60d_lag1,006208,0,/content/drive/MyDrive/AURORA_TWETF/data/raw_yfinance/006208_006208_TW.csv,Adj Close_006208.TW,rolling_std_20_pct,5,0.7036112710395628,0.7036112710395628,1203,False,False,t-5 Taiwan trading day(s)
006208_ma_ratio_60d_lag1,006208,0,/content/drive/MyDrive/AURORA_TWETF/data/raw_yfinance/006208_006208_TW.csv,Adj Close_006208.TW,logret_20,1,0.8389343278818324,0.8389343278818324,1204,False,False,t-1 Taiwan trading day(s)
006208_return_zscore_60d_lag1,006208,0,/content/drive/MyDrive/AURORA_TWETF/data/raw_yfinance/006208_006208_TW.csv,Adj Close_006208.TW,pct_change_1,1,0.9466163999200151,0.9466163999200151,1203,False,False,t-1 Taiwan trading day(s)
006208_rsi_14d_lag1,006208,0,/content/drive/MyDrive/AURORA_TWETF/data/raw_yfinance/006208_006208_TW.csv,Adj Close_006208.TW,rolling_mean_20_pct,1,0.7942256713522299,0.7942256713522299,1243,False,False,t-1 Taiwan trading day(s)
006208_drawdown_60d_lag1,006208,0,/content/drive/MyDrive/AURORA_TWETF/data/raw_yfinance/006208_006208_TW.csv,Adj Close_006208.TW,logret_20,1,0.6970106653040733,0.6970106653040733,1204,False,False,t-1 Taiwan trading day(s)
00692_ret_lag_1d,00692,0,/content/drive/MyDrive/AURORA_TWETF/data/raw_yfinance/00692_00692_TW.csv,Adj Close_00692.TW,pct_change_1,1,1.0,1.0,1262,True,False,t-1 Taiwan trading day(s)
00692_ret_lag_2d,00692,0,/content/drive/MyDrive/AURORA_TWETF/data/raw_yfinance/00692_00692_TW.csv,Adj Close_00692.TW,pct_change_1,2,0.9999999999999997,0.9999999999999997,1261,True,False,t-2 Taiwan trading day(s)
00692_ret_lag_3d,00692,0,/content/drive/MyDrive/AURORA_TWETF/data/raw_yfinance/00692_00692_TW.csv,Adj Close_00692.TW,pct_change_1,3,1.0,1.0,1260,True,False,t-3 Taiwan trading day(s)
00692_ret_lag_5d,00692,0,/content/drive/MyDrive/AURORA_TWETF/data/raw_yfinance/00692_00692_TW.csv,Adj Close_00692.TW,pct_change_1,5,1.0,1.0,1258,True,False,t-5 Taiwan trading day(s)
00692_ret_lag_10d,00692,0,/content/drive/MyDrive/AURORA_TWETF/data/raw_yfinance/00692_00692_TW.csv,Adj Close_00692.TW,logret_20,1,0.2368676445236787,0.2368676445236787,1243,False,False,t-1 Taiwan trading day(s)
00692_ret_lag_20d,00692,0,/content/drive/MyDrive/AURORA_TWETF/data/raw_yfinance/00692_00692_TW.csv,Adj Close_00692.TW,pct_change_20,1,0.23982883102466482,0.23982883102466482,1243,False,False,t-1 Taiwan trading day(s)
00692_momentum_5d_lag1,00692,0,/content/drive/MyDrive/AURORA_TWETF/data/raw_yfinance/00692_00692_TW.csv,Adj Close_00692.TW,pct_change_5,1,1.0,1.0,1258,True,False,t-1 Taiwan trading day(s)
00692_volatility_5d_lag1,00692,0,/content/drive/MyDrive/AURORA_TWETF/data/raw_yfinance/00692_00692_TW.csv,Adj Close_00692.TW,rolling_std_5_pct,1,1.0,1.0,1258,True,False,t-1 Taiwan trading day(s)
00692_ma_ratio_5d_lag1,00692,0,/content/drive/MyDrive/AURORA_TWETF/data/raw_yfinance/00692_00692_TW.csv,Adj Close_00692.TW,logret_5,0,0.812791980941016,0.812791980941016,1259,False,False,same calendar/trading date t
00692_return_zscore_5d_lag1,00692,0,/content/drive/MyDrive/AURORA_TWETF/data/raw_yfinance/00692_00692_TW.csv,Adj Close_00692.TW,pct_change_1,1,0.7561647304049668,0.7561647304049668,1258,False,False,t-1 Taiwan trading day(s)
00692_momentum_10d_lag1,00692,0,/content/drive/MyDrive/AURORA_TWETF/data/raw_yfinance/00692_00692_TW.csv,Adj Close_00692.TW,rolling_mean_20_pct,0,0.7138861937496026,0.7138861937496026,1244,False,False,same calendar/trading date t
00692_volatility_10d_lag1,00692,0,/content/drive/MyDrive/AURORA_TWETF/data/raw_yfinance/00692_00692_TW.csv,Adj Close_00692.TW,rolling_std_20_pct,-2,0.8495920184089621,0.8495920184089621,1246,False,False,future date t+2 trading day(s)
00692_ma_ratio_10d_lag1,00692,0,/content/drive/MyDrive/AURORA_TWETF/data/raw_yfinance/00692_00692_TW.csv,Adj Close_00692.TW,logret_5,1,0.9211264379143382,0.9211264379143382,1254,False,False,t-1 Taiwan trading day(s)
00692_return_zscore_10d_lag1,00692,0,/content/drive/MyDrive/AURORA_TWETF/data/raw_yfinance/00692_00692_TW.csv,Adj Close_00692.TW,pct_change_1,1,0.8446004711917013,0.8446004711917013,1253,False,False,t-1 Taiwan trading day(s)
00692_momentum_20d_lag1,00692,0,/content/drive/MyDrive/AURORA_TWETF/data/raw_yfinance/00692_00692_TW.csv,Adj Close_00692.TW,pct_change_20,1,0.9999999999999999,0.9999999999999999,1243,True,False,t-1 Taiwan trading day(s)
00692_volatility_20d_lag1,00692,0,/content/drive/MyDrive/AURORA_TWETF/data/raw_yfinance/00692_00692_TW.csv,Adj Close_00692.TW,rolling_std_20_pct,1,1.0,1.0,1243,True,False,t-1 Taiwan trading day(s)
00692_ma_ratio_20d_lag1,00692,0,/content/drive/MyDrive/AURORA_TWETF/data/raw_yfinance/00692_00692_TW.csv,Adj Close_00692.TW,rolling_mean_20_pct,1,0.8636061438689268,0.8636061438689268,1243,False,False,t-1 Taiwan trading day(s)
00692_return_zscore_20d_lag1,00692,0,/content/drive/MyDrive/AURORA_TWETF/data/raw_yfinance/00692_00692_TW.csv,Adj Close_00692.TW,pct_change_1,1,0.8977448699013442,0.8977448699013442,1243,False,False,t-1 Taiwan trading day(s)
00692_momentum_60d_lag1,00692,0,/content/drive/MyDrive/AURORA_TWETF/data/raw_yfinance/00692_00692_TW.csv,Adj Close_00692.TW,logret_20,5,0.5811603264362089,0.5811603264362089,1203,False,False,t-5 Taiwan trading day(s)
00692_volatility_60d_lag1,00692,0,/content/drive/MyDrive/AURORA_TWETF/data/raw_yfinance/00692_00692_TW.csv,Adj Close_00692.TW,rolling_std_20_pct,5,0.6946829620359322,0.6946829620359322,1203,False,False,t-5 Taiwan trading day(s)
00692_ma_ratio_60d_lag1,00692,0,/content/drive/MyDrive/AURORA_TWETF/data/raw_yfinance/00692_00692_TW.csv,Adj Close_00692.TW,logret_20,1,0.8373053916431707,0.8373053916431707,1204,False,False,t-1 Taiwan trading day(s)
00692_return_zscore_60d_lag1,00692,0,/content/drive/MyDrive/AURORA_TWETF/data/raw_yfinance/00692_00692_TW.csv,Adj Close_00692.TW,pct_change_1,1,0.945075553518825,0.945075553518825,1203,False,False,t-1 Taiwan trading day(s)
00692_rsi_14d_lag1,00692,0,/content/drive/MyDrive/AURORA_TWETF/data/raw_yfinance/00692_00692_TW.csv,Adj Close_00692.TW,rolling_mean_20_pct,1,0.7958843315963375,0.7958843315963375,1243,False,False,t-1 Taiwan trading day(s)
00692_drawdown_60d_lag1,00692,0,/content/drive/MyDrive/AURORA_TWETF/data/raw_yfinance/00692_00692_TW.csv,Adj Close_00692.TW,logret_20,1,0.6984988140086331,0.6984988140086331,1204,False,False,t-1 Taiwan trading day(s)
00881_ret_lag_1d,00881,0,/content/drive/MyDrive/AURORA_TWETF/data/raw_yfinance/00881_00881_TW.csv,Adj Close_00881.TW,pct_change_1,1,0.9999999999999997,0.9999999999999997,1262,True,False,t-1 Taiwan trading day(s)
00881_ret_lag_2d,00881,0,/content/drive/MyDrive/AURORA_TWETF/data/raw_yfinance/00881_00881_TW.csv,Adj Close_00881.TW,pct_change_1,2,1.0,1.0,1261,True,False,t-2 Taiwan trading day(s)
00881_ret_lag_3d,00881,0,/content/drive/MyDrive/AURORA_TWETF/data/raw_yfinance/00881_00881_TW.csv,Adj Close_00881.TW,pct_change_1,3,0.9999999999999998,0.9999999999999998,1260,True,False,t-3 Taiwan trading day(s)
00881_ret_lag_5d,00881,0,/content/drive/MyDrive/AURORA_TWETF/data/raw_yfinance/00881_00881_TW.csv,Adj Close_00881.TW,pct_change_1,5,1.0,1.0,1258,True,False,t-5 Taiwan trading day(s)
00881_ret_lag_10d,00881,0,/content/drive/MyDrive/AURORA_TWETF/data/raw_yfinance/00881_00881_TW.csv,Adj Close_00881.TW,logret_20,0,0.23222755182177054,0.23222755182177054,1244,False,False,same calendar/trading date t
00881_ret_lag_20d,00881,0,/content/drive/MyDrive/AURORA_TWETF/data/raw_yfinance/00881_00881_TW.csv,Adj Close_00881.TW,pct_change_20,2,0.25128981996269556,0.25128981996269556,1242,False,False,t-2 Taiwan trading day(s)
00881_momentum_5d_lag1,00881,0,/content/drive/MyDrive/AURORA_TWETF/data/raw_yfinance/00881_00881_TW.csv,Adj Close_00881.TW,pct_change_5,1,1.0,1.0,1258,True,False,t-1 Taiwan trading day(s)
00881_volatility_5d_lag1,00881,0,/content/drive/MyDrive/AURORA_TWETF/data/raw_yfinance/00881_00881_TW.csv,Adj Close_00881.TW,rolling_std_5_pct,1,1.0,1.0,1258,True,False,t-1 Taiwan trading day(s)
00881_ma_ratio_5d_lag1,00881,0,/content/drive/MyDrive/AURORA_TWETF/data/raw_yfinance/00881_00881_TW.csv,Adj Close_00881.TW,logret_5,0,0.8197955636365223,0.8197955636365223,1259,False,False,same calendar/trading date t
00881_return_zscore_5d_lag1,00881,0,/content/drive/MyDrive/AURORA_TWETF/data/raw_yfinance/00881_00881_TW.csv,Adj Close_00881.TW,pct_change_1,1,0.7661174134261097,0.7661174134261097,1258,False,False,t-1 Taiwan trading day(s)
00881_momentum_10d_lag1,00881,0,/content/drive/MyDrive/AURORA_TWETF/data/raw_yfinance/00881_00881_TW.csv,Adj Close_00881.TW,rolling_mean_20_pct,0,0.7067007634825,0.7067007634825,1244,False,False,same calendar/trading date t
00881_volatility_10d_lag1,00881,0,/content/drive/MyDrive/AURORA_TWETF/data/raw_yfinance/00881_00881_TW.csv,Adj Close_00881.TW,rolling_std_5_pct,4,0.8539478783812218,0.8539478783812218,1253,False,False,t-4 Taiwan trading day(s)
00881_ma_ratio_10d_lag1,00881,0,/content/drive/MyDrive/AURORA_TWETF/data/raw_yfinance/00881_00881_TW.csv,Adj Close_00881.TW,logret_5,1,0.9185664204143477,0.9185664204143477,1254,False,False,t-1 Taiwan trading day(s)
00881_return_zscore_10d_lag1,00881,0,/content/drive/MyDrive/AURORA_TWETF/data/raw_yfinance/00881_00881_TW.csv,Adj Close_00881.TW,pct_change_1,1,0.8541454080065434,0.8541454080065434,1253,False,False,t-1 Taiwan trading day(s)
00881_momentum_20d_lag1,00881,0,/content/drive/MyDrive/AURORA_TWETF/data/raw_yfinance/00881_00881_TW.csv,Adj Close_00881.TW,pct_change_20,1,1.0,1.0,1243,True,False,t-1 Taiwan trading day(s)
00881_volatility_20d_lag1,00881,0,/content/drive/MyDrive/AURORA_TWETF/data/raw_yfinance/00881_00881_TW.csv,Adj Close_00881.TW,rolling_std_20_pct,1,0.9999999999999999,0.9999999999999999,1243,True,False,t-1 Taiwan trading day(s)
00881_ma_ratio_20d_lag1,00881,0,/content/drive/MyDrive/AURORA_TWETF/data/raw_yfinance/00881_00881_TW.csv,Adj Close_00881.TW,rolling_mean_20_pct,1,0.8611646880058267,0.8611646880058267,1243,False,False,t-1 Taiwan trading day(s)
00881_return_zscore_20d_lag1,00881,0,/content/drive/MyDrive/AURORA_TWETF/data/raw_yfinance/00881_00881_TW.csv,Adj Close_00881.TW,pct_change_1,1,0.9067178077941147,0.9067178077941147,1243,False,False,t-1 Taiwan trading day(s)
00881_momentum_60d_lag1,00881,0,/content/drive/MyDrive/AURORA_TWETF/data/raw_yfinance/00881_00881_TW.csv,Adj Close_00881.TW,logret_20,1,0.5916963092096076,0.5916963092096076,1203,False,False,t-1 Taiwan trading day(s)
00881_volatility_60d_lag1,00881,0,/content/drive/MyDrive/AURORA_TWETF/data/raw_yfinance/00881_00881_TW.csv,Adj Close_00881.TW,rolling_std_20_pct,5,0.6615679243544385,0.6615679243544385,1203,False,False,t-5 Taiwan trading day(s)
00881_ma_ratio_60d_lag1,00881,0,/content/drive/MyDrive/AURORA_TWETF/data/raw_yfinance/00881_00881_TW.csv,Adj Close_00881.TW,logret_20,1,0.8373330499776125,0.8373330499776125,1204,False,False,t-1 Taiwan trading day(s)
00881_return_zscore_60d_lag1,00881,0,/content/drive/MyDrive/AURORA_TWETF/data/raw_yfinance/00881_00881_TW.csv,Adj Close_00881.TW,pct_change_1,1,0.9527269633605878,0.9527269633605878,1203,False,False,t-1 Taiwan trading day(s)
00881_rsi_14d_lag1,00881,0,/content/drive/MyDrive/AURORA_TWETF/data/raw_yfinance/00881_00881_TW.csv,Adj Close_00881.TW,rolling_mean_20_pct,1,0.7920589301130339,0.7920589301130339,1243,False,False,t-1 Taiwan trading day(s)
00881_drawdown_60d_lag1,00881,0,/content/drive/MyDrive/AURORA_TWETF/data/raw_yfinance/00881_00881_TW.csv,Adj Close_00881.TW,logret_20,1,0.7261312618255211,0.7261312618255211,1204,False,False,t-1 Taiwan trading day(s)
TAIEX_ret_lag_1d,TAIEX,0,/content/drive/MyDrive/AURORA_TWETF/data/raw_yfinance/TAIEX_TWII.csv,Adj Close_^TWII,pct_change_1,1,1.0,1.0,1262,True,False,t-1 Taiwan trading day(s)
TAIEX_ret_lag_2d,TAIEX,0,/content/drive/MyDrive/AURORA_TWETF/data/raw_yfinance/TAIEX_TWII.csv,Adj Close_^TWII,pct_change_1,2,1.0,1.0,1261,True,False,t-2 Taiwan trading day(s)
TAIEX_ret_lag_3d,TAIEX,0,/content/drive/MyDrive/AURORA_TWETF/data/raw_yfinance/TAIEX_TWII.csv,Adj Close_^TWII,pct_change_1,3,1.0,1.0,1260,True,False,t-3 Taiwan trading day(s)
TAIEX_ret_lag_5d,TAIEX,0,/content/drive/MyDrive/AURORA_TWETF/data/raw_yfinance/TAIEX_TWII.csv,Adj Close_^TWII,pct_change_1,5,1.0,1.0,1258,True,False,t-5 Taiwan trading day(s)
TAIEX_ret_lag_10d,TAIEX,0,/content/drive/MyDrive/AURORA_TWETF/data/raw_yfinance/TAIEX_TWII.csv,Adj Close_^TWII,rolling_mean_20_pct,1,0.23344554708081788,0.23344554708081788,1243,False,False,t-1 Taiwan trading day(s)
TAIEX_ret_lag_20d,TAIEX,0,/content/drive/MyDrive/AURORA_TWETF/data/raw_yfinance/TAIEX_TWII.csv,Adj Close_^TWII,pct_change_20,1,0.23198955651873185,0.23198955651873185,1243,False,False,t-1 Taiwan trading day(s)
TAIEX_momentum_5d_lag1,TAIEX,0,/content/drive/MyDrive/AURORA_TWETF/data/raw_yfinance/TAIEX_TWII.csv,Adj Close_^TWII,pct_change_5,1,1.0,1.0,1258,True,False,t-1 Taiwan trading day(s)
TAIEX_volatility_5d_lag1,TAIEX,0,/content/drive/MyDrive/AURORA_TWETF/data/raw_yfinance/TAIEX_TWII.csv,Adj Close_^TWII,rolling_std_5_pct,1,0.9999999999999999,0.9999999999999999,1258,True,False,t-1 Taiwan trading day(s)
TAIEX_ma_ratio_5d_lag1,TAIEX,0,/content/drive/MyDrive/AURORA_TWETF/data/raw_yfinance/TAIEX_TWII.csv,Adj Close_^TWII,logret_5,0,0.8106437402984039,0.8106437402984039,1259,False,False,same calendar/trading date t
TAIEX_return_zscore_5d_lag1,TAIEX,0,/content/drive/MyDrive/AURORA_TWETF/data/raw_yfinance/TAIEX_TWII.csv,Adj Close_^TWII,pct_change_1,1,0.762430585118089,0.762430585118089,1258,False,False,t-1 Taiwan trading day(s)
TAIEX_momentum_10d_lag1,TAIEX,0,/content/drive/MyDrive/AURORA_TWETF/data/raw_yfinance/TAIEX_TWII.csv,Adj Close_^TWII,rolling_mean_20_pct,0,0.7073712010182154,0.7073712010182154,1244,False,False,same calendar/trading date t
TAIEX_volatility_10d_lag1,TAIEX,0,/content/drive/MyDrive/AURORA_TWETF/data/raw_yfinance/TAIEX_TWII.csv,Adj Close_^TWII,rolling_std_5_pct,4,0.8645295905038405,0.8645295905038405,1253,False,False,t-4 Taiwan trading day(s)
TAIEX_ma_ratio_10d_lag1,TAIEX,0,/content/drive/MyDrive/AURORA_TWETF/data/raw_yfinance/TAIEX_TWII.csv,Adj Close_^TWII,logret_5,1,0.9188725493755212,0.9188725493755212,1254,False,False,t-1 Taiwan trading day(s)
TAIEX_return_zscore_10d_lag1,TAIEX,0,/content/drive/MyDrive/AURORA_TWETF/data/raw_yfinance/TAIEX_TWII.csv,Adj Close_^TWII,pct_change_1,1,0.8482028367053757,0.8482028367053757,1253,False,False,t-1 Taiwan trading day(s)
TAIEX_momentum_20d_lag1,TAIEX,0,/content/drive/MyDrive/AURORA_TWETF/data/raw_yfinance/TAIEX_TWII.csv,Adj Close_^TWII,pct_change_20,1,0.9999999999999999,0.9999999999999999,1243,True,False,t-1 Taiwan trading day(s)
TAIEX_volatility_20d_lag1,TAIEX,0,/content/drive/MyDrive/AURORA_TWETF/data/raw_yfinance/TAIEX_TWII.csv,Adj Close_^TWII,rolling_std_20_pct,1,1.0,1.0,1243,True,False,t-1 Taiwan trading day(s)
TAIEX_ma_ratio_20d_lag1,TAIEX,0,/content/drive/MyDrive/AURORA_TWETF/data/raw_yfinance/TAIEX_TWII.csv,Adj Close_^TWII,rolling_mean_20_pct,1,0.8592138326228512,0.8592138326228512,1243,False,False,t-1 Taiwan trading day(s)
TAIEX_return_zscore_20d_lag1,TAIEX,0,/content/drive/MyDrive/AURORA_TWETF/data/raw_yfinance/TAIEX_TWII.csv,Adj Close_^TWII,pct_change_1,1,0.9007627355212461,0.9007627355212461,1243,False,False,t-1 Taiwan trading day(s)
TAIEX_momentum_60d_lag1,TAIEX,0,/content/drive/MyDrive/AURORA_TWETF/data/raw_yfinance/TAIEX_TWII.csv,Adj Close_^TWII,logret_20,1,0.5747725097373416,0.5747725097373416,1203,False,False,t-1 Taiwan trading day(s)
TAIEX_volatility_60d_lag1,TAIEX,0,/content/drive/MyDrive/AURORA_TWETF/data/raw_yfinance/TAIEX_TWII.csv,Adj Close_^TWII,rolling_std_20_pct,5,0.6715715536678561,0.6715715536678561,1203,False,False,t-5 Taiwan trading day(s)
TAIEX_ma_ratio_60d_lag1,TAIEX,0,/content/drive/MyDrive/AURORA_TWETF/data/raw_yfinance/TAIEX_TWII.csv,Adj Close_^TWII,logret_20,1,0.8311430960990593,0.8311430960990593,1204,False,False,t-1 Taiwan trading day(s)
TAIEX_return_zscore_60d_lag1,TAIEX,0,/content/drive/MyDrive/AURORA_TWETF/data/raw_yfinance/TAIEX_TWII.csv,Adj Close_^TWII,pct_change_1,1,0.9471638765129856,0.9471638765129856,1203,False,False,t-1 Taiwan trading day(s)
TAIEX_rsi_14d_lag1,TAIEX,0,/content/drive/MyDrive/AURORA_TWETF/data/raw_yfinance/TAIEX_TWII.csv,Adj Close_^TWII,rolling_mean_20_pct,1,0.7846217535291249,0.7846217535291249,1243,False,False,t-1 Taiwan trading day(s)
TAIEX_drawdown_60d_lag1,TAIEX,0,/content/drive/MyDrive/AURORA_TWETF/data/raw_yfinance/TAIEX_TWII.csv,Adj Close_^TWII,logret_20,1,0.6968183861275404,0.6968183861275404,1204,False,False,t-1 Taiwan trading day(s)
SP500_ret_lag_1d,S&P 500,1,/content/drive/MyDrive/AURORA_TWETF/data/raw_yfinance/SP500_GSPC.csv,Adj Close_^GSPC,pct_change_1,1,0.8832577824120544,0.8832577824120544,1219,False,False,t-1 Taiwan trading day(s)
SP500_ret_lag_2d,S&P 500,1,/content/drive/MyDrive/AURORA_TWETF/data/raw_yfinance/SP500_GSPC.csv,Adj Close_^GSPC,pct_change_1,2,0.8180687240949402,0.8180687240949402,1218,False,False,t-2 Taiwan trading day(s)
SP500_ret_lag_3d,S&P 500,1,/content/drive/MyDrive/AURORA_TWETF/data/raw_yfinance/SP500_GSPC.csv,Adj Close_^GSPC,pct_change_1,3,0.7651824544827526,0.7651824544827526,1217,False,False,t-3 Taiwan trading day(s)
SP500_ret_lag_5d,S&P 500,1,/content/drive/MyDrive/AURORA_TWETF/data/raw_yfinance/SP500_GSPC.csv,Adj Close_^GSPC,pct_change_1,5,0.6732362057789235,0.6732362057789235,1215,False,False,t-5 Taiwan trading day(s)
SP500_ret_lag_10d,S&P 500,1,/content/drive/MyDrive/AURORA_TWETF/data/raw_yfinance/SP500_GSPC.csv,Adj Close_^GSPC,rolling_mean_20_pct,5,0.20126485394504243,0.20126485394504243,1197,False,False,t-5 Taiwan trading day(s)
SP500_ret_lag_20d,S&P 500,1,/content/drive/MyDrive/AURORA_TWETF/data/raw_yfinance/SP500_GSPC.csv,Adj Close_^GSPC,pct_change_20,4,0.1816572380225909,0.1816572380225909,1197,False,False,t-4 Taiwan trading day(s)
SP500_momentum_5d_lag1,S&P 500,1,/content/drive/MyDrive/AURORA_TWETF/data/raw_yfinance/SP500_GSPC.csv,Adj Close_^GSPC,pct_change_5,1,0.9316266288220212,0.9316266288220212,1215,False,False,t-1 Taiwan trading day(s)
SP500_volatility_5d_lag1,S&P 500,1,/content/drive/MyDrive/AURORA_TWETF/data/raw_yfinance/SP500_GSPC.csv,Adj Close_^GSPC,rolling_std_5_pct,1,0.9465172734703379,0.9465172734703379,1215,False,False,t-1 Taiwan trading day(s)
SP500_ma_ratio_5d_lag1,S&P 500,1,/content/drive/MyDrive/AURORA_TWETF/data/raw_yfinance/SP500_GSPC.csv,Adj Close_^GSPC,rolling_mean_5_pct,1,0.7905158310300519,0.7905158310300519,1215,False,False,t-1 Taiwan trading day(s)
SP500_return_zscore_5d_lag1,S&P 500,1,/content/drive/MyDrive/AURORA_TWETF/data/raw_yfinance/SP500_GSPC.csv,Adj Close_^GSPC,diff_1_z,1,0.6913215446507385,0.6913215446507385,1215,False,False,t-1 Taiwan trading day(s)
SP500_momentum_10d_lag1,S&P 500,1,/content/drive/MyDrive/AURORA_TWETF/data/raw_yfinance/SP500_GSPC.csv,Adj Close_^GSPC,rolling_mean_20_pct,1,0.6990013678305189,0.6990013678305189,1200,False,False,t-1 Taiwan trading day(s)
SP500_volatility_10d_lag1,S&P 500,1,/content/drive/MyDrive/AURORA_TWETF/data/raw_yfinance/SP500_GSPC.csv,Adj Close_^GSPC,rolling_std_20_pct,-1,0.868901175724962,0.868901175724962,1202,False,False,future date t+1 trading day(s)
SP500_ma_ratio_10d_lag1,S&P 500,1,/content/drive/MyDrive/AURORA_TWETF/data/raw_yfinance/SP500_GSPC.csv,Adj Close_^GSPC,logret_5,1,0.8830862590062308,0.8830862590062308,1211,False,False,t-1 Taiwan trading day(s)
SP500_return_zscore_10d_lag1,S&P 500,1,/content/drive/MyDrive/AURORA_TWETF/data/raw_yfinance/SP500_GSPC.csv,Adj Close_^GSPC,diff_1,1,0.7726020776768033,0.7726020776768033,1211,False,False,t-1 Taiwan trading day(s)
SP500_momentum_20d_lag1,S&P 500,1,/content/drive/MyDrive/AURORA_TWETF/data/raw_yfinance/SP500_GSPC.csv,Adj Close_^GSPC,logret_20,1,0.9511443781924865,0.9511443781924865,1200,False,False,t-1 Taiwan trading day(s)
SP500_volatility_20d_lag1,S&P 500,1,/content/drive/MyDrive/AURORA_TWETF/data/raw_yfinance/SP500_GSPC.csv,Adj Close_^GSPC,rolling_std_20_pct,1,0.9808528069602691,0.9808528069602691,1200,False,False,t-1 Taiwan trading day(s)
SP500_ma_ratio_20d_lag1,S&P 500,1,/content/drive/MyDrive/AURORA_TWETF/data/raw_yfinance/SP500_GSPC.csv,Adj Close_^GSPC,rolling_mean_20_pct,1,0.8434028541636884,0.8434028541636884,1200,False,False,t-1 Taiwan trading day(s)
SP500_return_zscore_20d_lag1,S&P 500,1,/content/drive/MyDrive/AURORA_TWETF/data/raw_yfinance/SP500_GSPC.csv,Adj Close_^GSPC,diff_1_z,1,0.8054558205703098,0.8054558205703098,1201,False,False,t-1 Taiwan trading day(s)
SP500_momentum_60d_lag1,S&P 500,1,/content/drive/MyDrive/AURORA_TWETF/data/raw_yfinance/SP500_GSPC.csv,Adj Close_^GSPC,rolling_std_20_pct,-2,-0.7004599505576703,0.7004599505576703,1161,False,False,future date t+2 trading day(s)
SP500_volatility_60d_lag1,S&P 500,1,/content/drive/MyDrive/AURORA_TWETF/data/raw_yfinance/SP500_GSPC.csv,Adj Close_^GSPC,rolling_std_20_pct,5,0.779071052816598,0.779071052816598,1161,False,False,t-5 Taiwan trading day(s)
SP500_ma_ratio_60d_lag1,S&P 500,1,/content/drive/MyDrive/AURORA_TWETF/data/raw_yfinance/SP500_GSPC.csv,Adj Close_^GSPC,logret_20,1,0.8026288694965928,0.8026288694965928,1162,False,False,t-1 Taiwan trading day(s)
SP500_return_zscore_60d_lag1,S&P 500,1,/content/drive/MyDrive/AURORA_TWETF/data/raw_yfinance/SP500_GSPC.csv,Adj Close_^GSPC,diff_1,1,0.8357641068419834,0.8357641068419834,1161,False,False,t-1 Taiwan trading day(s)
SP500_rsi_14d_lag1,S&P 500,1,/content/drive/MyDrive/AURORA_TWETF/data/raw_yfinance/SP500_GSPC.csv,Adj Close_^GSPC,pct_change_20,1,0.7667987208927443,0.7667987208927443,1200,False,False,t-1 Taiwan trading day(s)
SP500_drawdown_60d_lag1,S&P 500,1,/content/drive/MyDrive/AURORA_TWETF/data/raw_yfinance/SP500_GSPC.csv,Adj Close_^GSPC,rolling_std_20_pct,-2,-0.8011631209611015,0.8011631209611015,1162,False,False,future date t+2 trading day(s)
NASDAQ_ret_lag_1d,NASDAQ,1,/content/drive/MyDrive/AURORA_TWETF/data/raw_yfinance/NASDAQ_IXIC.csv,Adj Close_^IXIC,pct_change_1,1,0.8949286045352959,0.8949286045352959,1219,False,False,t-1 Taiwan trading day(s)
NASDAQ_ret_lag_2d,NASDAQ,1,/content/drive/MyDrive/AURORA_TWETF/data/raw_yfinance/NASDAQ_IXIC.csv,Adj Close_^IXIC,pct_change_1,2,0.8232781809582911,0.8232781809582911,1218,False,False,t-2 Taiwan trading day(s)
NASDAQ_ret_lag_3d,NASDAQ,1,/content/drive/MyDrive/AURORA_TWETF/data/raw_yfinance/NASDAQ_IXIC.csv,Adj Close_^IXIC,pct_change_1,3,0.7647048890037855,0.7647048890037855,1217,False,False,t-3 Taiwan trading day(s)
NASDAQ_ret_lag_5d,NASDAQ,1,/content/drive/MyDrive/AURORA_TWETF/data/raw_yfinance/NASDAQ_IXIC.csv,Adj Close_^IXIC,pct_change_1,5,0.6656745668906733,0.6656745668906733,1215,False,False,t-5 Taiwan trading day(s)
NASDAQ_ret_lag_10d,NASDAQ,1,/content/drive/MyDrive/AURORA_TWETF/data/raw_yfinance/NASDAQ_IXIC.csv,Adj Close_^IXIC,rolling_mean_20_pct,5,0.21065730672221109,0.21065730672221109,1197,False,False,t-5 Taiwan trading day(s)
NASDAQ_ret_lag_20d,NASDAQ,1,/content/drive/MyDrive/AURORA_TWETF/data/raw_yfinance/NASDAQ_IXIC.csv,Adj Close_^IXIC,pct_change_20,4,0.17377311049534963,0.17377311049534963,1197,False,False,t-4 Taiwan trading day(s)
NASDAQ_momentum_5d_lag1,NASDAQ,1,/content/drive/MyDrive/AURORA_TWETF/data/raw_yfinance/NASDAQ_IXIC.csv,Adj Close_^IXIC,pct_change_5,1,0.9352225278563077,0.9352225278563077,1215,False,False,t-1 Taiwan trading day(s)
NASDAQ_volatility_5d_lag1,NASDAQ,1,/content/drive/MyDrive/AURORA_TWETF/data/raw_yfinance/NASDAQ_IXIC.csv,Adj Close_^IXIC,rolling_std_5_pct,1,0.9483554379630761,0.9483554379630761,1215,False,False,t-1 Taiwan trading day(s)
NASDAQ_ma_ratio_5d_lag1,NASDAQ,1,/content/drive/MyDrive/AURORA_TWETF/data/raw_yfinance/NASDAQ_IXIC.csv,Adj Close_^IXIC,rolling_mean_5_pct,1,0.7916162701942598,0.7916162701942598,1215,False,False,t-1 Taiwan trading day(s)
NASDAQ_return_zscore_5d_lag1,NASDAQ,1,/content/drive/MyDrive/AURORA_TWETF/data/raw_yfinance/NASDAQ_IXIC.csv,Adj Close_^IXIC,diff_1_z,1,0.7049548898154037,0.7049548898154037,1215,False,False,t-1 Taiwan trading day(s)
NASDAQ_momentum_10d_lag1,NASDAQ,1,/content/drive/MyDrive/AURORA_TWETF/data/raw_yfinance/NASDAQ_IXIC.csv,Adj Close_^IXIC,rolling_mean_20_pct,1,0.7082939731077645,0.7082939731077645,1200,False,False,t-1 Taiwan trading day(s)
NASDAQ_volatility_10d_lag1,NASDAQ,1,/content/drive/MyDrive/AURORA_TWETF/data/raw_yfinance/NASDAQ_IXIC.csv,Adj Close_^IXIC,rolling_std_20_pct,-2,0.8765295244190582,0.8765295244190582,1203,False,False,future date t+2 trading day(s)
NASDAQ_ma_ratio_10d_lag1,NASDAQ,1,/content/drive/MyDrive/AURORA_TWETF/data/raw_yfinance/NASDAQ_IXIC.csv,Adj Close_^IXIC,logret_5,1,0.8851684855159289,0.8851684855159289,1211,False,False,t-1 Taiwan trading day(s)
NASDAQ_return_zscore_10d_lag1,NASDAQ,1,/content/drive/MyDrive/AURORA_TWETF/data/raw_yfinance/NASDAQ_IXIC.csv,Adj Close_^IXIC,diff_1,1,0.7879200180884421,0.7879200180884421,1211,False,False,t-1 Taiwan trading day(s)
NASDAQ_momentum_20d_lag1,NASDAQ,1,/content/drive/MyDrive/AURORA_TWETF/data/raw_yfinance/NASDAQ_IXIC.csv,Adj Close_^IXIC,pct_change_20,1,0.9512117196962978,0.9512117196962978,1200,False,False,t-1 Taiwan trading day(s)
NASDAQ_volatility_20d_lag1,NASDAQ,1,/content/drive/MyDrive/AURORA_TWETF/data/raw_yfinance/NASDAQ_IXIC.csv,Adj Close_^IXIC,rolling_std_20_pct,1,0.9825826276371445,0.9825826276371445,1200,False,False,t-1 Taiwan trading day(s)
NASDAQ_ma_ratio_20d_lag1,NASDAQ,1,/content/drive/MyDrive/AURORA_TWETF/data/raw_yfinance/NASDAQ_IXIC.csv,Adj Close_^IXIC,rolling_mean_20_pct,1,0.8488220665169147,0.8488220665169147,1200,False,False,t-1 Taiwan trading day(s)
NASDAQ_return_zscore_20d_lag1,NASDAQ,1,/content/drive/MyDrive/AURORA_TWETF/data/raw_yfinance/NASDAQ_IXIC.csv,Adj Close_^IXIC,diff_1,1,0.8211170055451772,0.8211170055451772,1201,False,False,t-1 Taiwan trading day(s)
NASDAQ_momentum_60d_lag1,NASDAQ,1,/content/drive/MyDrive/AURORA_TWETF/data/raw_yfinance/NASDAQ_IXIC.csv,Adj Close_^IXIC,rolling_std_20_pct,-2,-0.7137322809044745,0.7137322809044745,1161,False,False,future date t+2 trading day(s)
NASDAQ_volatility_60d_lag1,NASDAQ,1,/content/drive/MyDrive/AURORA_TWETF/data/raw_yfinance/NASDAQ_IXIC.csv,Adj Close_^IXIC,rolling_std_20_pct,5,0.781194853370211,0.781194853370211,1161,False,False,t-5 Taiwan trading day(s)
NASDAQ_ma_ratio_60d_lag1,NASDAQ,1,/content/drive/MyDrive/AURORA_TWETF/data/raw_yfinance/NASDAQ_IXIC.csv,Adj Close_^IXIC,logret_20,1,0.8111024382523545,0.8111024382523545,1162,False,False,t-1 Taiwan trading day(s)
NASDAQ_return_zscore_60d_lag1,NASDAQ,1,/content/drive/MyDrive/AURORA_TWETF/data/raw_yfinance/NASDAQ_IXIC.csv,Adj Close_^IXIC,diff_1_z,1,0.8481264940113107,0.8481264940113107,1161,False,False,t-1 Taiwan trading day(s)
NASDAQ_rsi_14d_lag1,NASDAQ,1,/content/drive/MyDrive/AURORA_TWETF/data/raw_yfinance/NASDAQ_IXIC.csv,Adj Close_^IXIC,pct_change_20,1,0.7773657627262792,0.7773657627262792,1200,False,False,t-1 Taiwan trading day(s)
NASDAQ_drawdown_60d_lag1,NASDAQ,1,/content/drive/MyDrive/AURORA_TWETF/data/raw_yfinance/NASDAQ_IXIC.csv,Adj Close_^IXIC,rolling_std_20_pct,-2,-0.8223871945647222,0.8223871945647222,1162,False,False,future date t+2 trading day(s)
SOXX_ret_lag_1d,SOXX,1,/content/drive/MyDrive/AURORA_TWETF/data/raw_yfinance/SOXX_SOXX.csv,Adj Close_SOXX,pct_change_1,1,0.8987092736687593,0.8987092736687593,1219,False,False,t-1 Taiwan trading day(s)
SOXX_ret_lag_2d,SOXX,1,/content/drive/MyDrive/AURORA_TWETF/data/raw_yfinance/SOXX_SOXX.csv,Adj Close_SOXX,pct_change_1,2,0.8265095498357717,0.8265095498357717,1218,False,False,t-2 Taiwan trading day(s)
SOXX_ret_lag_3d,SOXX,1,/content/drive/MyDrive/AURORA_TWETF/data/raw_yfinance/SOXX_SOXX.csv,Adj Close_SOXX,pct_change_1,3,0.7704693924546383,0.7704693924546383,1217,False,False,t-3 Taiwan trading day(s)
SOXX_ret_lag_5d,SOXX,1,/content/drive/MyDrive/AURORA_TWETF/data/raw_yfinance/SOXX_SOXX.csv,Adj Close_SOXX,pct_change_1,5,0.6738072697061459,0.6738072697061459,1215,False,False,t-5 Taiwan trading day(s)
SOXX_ret_lag_10d,SOXX,1,/content/drive/MyDrive/AURORA_TWETF/data/raw_yfinance/SOXX_SOXX.csv,Adj Close_SOXX,logret_20,-1,0.20270205058904192,0.20270205058904192,1202,False,False,future date t+1 trading day(s)
SOXX_ret_lag_20d,SOXX,1,/content/drive/MyDrive/AURORA_TWETF/data/raw_yfinance/SOXX_SOXX.csv,Adj Close_SOXX,pct_change_20,3,0.16238822693620067,0.16238822693620067,1198,False,False,t-3 Taiwan trading day(s)
SOXX_momentum_5d_lag1,SOXX,1,/content/drive/MyDrive/AURORA_TWETF/data/raw_yfinance/SOXX_SOXX.csv,Adj Close_SOXX,pct_change_5,1,0.9269812294132929,0.9269812294132929,1215,False,False,t-1 Taiwan trading day(s)
SOXX_volatility_5d_lag1,SOXX,1,/content/drive/MyDrive/AURORA_TWETF/data/raw_yfinance/SOXX_SOXX.csv,Adj Close_SOXX,rolling_std_5_pct,1,0.9233159980942296,0.9233159980942296,1215,False,False,t-1 Taiwan trading day(s)
SOXX_ma_ratio_5d_lag1,SOXX,1,/content/drive/MyDrive/AURORA_TWETF/data/raw_yfinance/SOXX_SOXX.csv,Adj Close_SOXX,logret_5,1,0.7843642467132212,0.7843642467132212,1215,False,False,t-1 Taiwan trading day(s)
SOXX_return_zscore_5d_lag1,SOXX,1,/content/drive/MyDrive/AURORA_TWETF/data/raw_yfinance/SOXX_SOXX.csv,Adj Close_SOXX,logret_1,1,0.7208341444724309,0.7208341444724309,1215,False,False,t-1 Taiwan trading day(s)
SOXX_momentum_10d_lag1,SOXX,1,/content/drive/MyDrive/AURORA_TWETF/data/raw_yfinance/SOXX_SOXX.csv,Adj Close_SOXX,logret_20,-2,0.6837706321467764,0.6837706321467764,1203,False,False,future date t+2 trading day(s)
SOXX_volatility_10d_lag1,SOXX,1,/content/drive/MyDrive/AURORA_TWETF/data/raw_yfinance/SOXX_SOXX.csv,Adj Close_SOXX,rolling_std_20_pct,-2,0.818105597160038,0.818105597160038,1203,False,False,future date t+2 trading day(s)
SOXX_ma_ratio_10d_lag1,SOXX,1,/content/drive/MyDrive/AURORA_TWETF/data/raw_yfinance/SOXX_SOXX.csv,Adj Close_SOXX,logret_5,1,0.8788113581213991,0.8788113581213991,1211,False,False,t-1 Taiwan trading day(s)
SOXX_return_zscore_10d_lag1,SOXX,1,/content/drive/MyDrive/AURORA_TWETF/data/raw_yfinance/SOXX_SOXX.csv,Adj Close_SOXX,logret_1,1,0.8064658851942065,0.8064658851942065,1211,False,False,t-1 Taiwan trading day(s)
SOXX_momentum_20d_lag1,SOXX,1,/content/drive/MyDrive/AURORA_TWETF/data/raw_yfinance/SOXX_SOXX.csv,Adj Close_SOXX,pct_change_20,1,0.9479132334370423,0.9479132334370423,1200,False,False,t-1 Taiwan trading day(s)
SOXX_volatility_20d_lag1,SOXX,1,/content/drive/MyDrive/AURORA_TWETF/data/raw_yfinance/SOXX_SOXX.csv,Adj Close_SOXX,rolling_std_20_pct,1,0.968688955158689,0.968688955158689,1200,False,False,t-1 Taiwan trading day(s)
SOXX_ma_ratio_20d_lag1,SOXX,1,/content/drive/MyDrive/AURORA_TWETF/data/raw_yfinance/SOXX_SOXX.csv,Adj Close_SOXX,rolling_mean_20_pct,1,0.8339619891122761,0.8339619891122761,1200,False,False,t-1 Taiwan trading day(s)
SOXX_return_zscore_20d_lag1,SOXX,1,/content/drive/MyDrive/AURORA_TWETF/data/raw_yfinance/SOXX_SOXX.csv,Adj Close_SOXX,logret_1,1,0.8402246355131023,0.8402246355131023,1201,False,False,t-1 Taiwan trading day(s)
SOXX_momentum_60d_lag1,SOXX,1,/content/drive/MyDrive/AURORA_TWETF/data/raw_yfinance/SOXX_SOXX.csv,Adj Close_SOXX,logret_20,4,0.5042455554255304,0.5042455554255304,1161,False,False,t-4 Taiwan trading day(s)
SOXX_volatility_60d_lag1,SOXX,1,/content/drive/MyDrive/AURORA_TWETF/data/raw_yfinance/SOXX_SOXX.csv,Adj Close_SOXX,rolling_std_20_pct,5,0.7103604027290672,0.7103604027290672,1161,False,False,t-5 Taiwan trading day(s)
SOXX_ma_ratio_60d_lag1,SOXX,1,/content/drive/MyDrive/AURORA_TWETF/data/raw_yfinance/SOXX_SOXX.csv,Adj Close_SOXX,logret_20,1,0.8015039930892529,0.8015039930892529,1162,False,False,t-1 Taiwan trading day(s)
SOXX_return_zscore_60d_lag1,SOXX,1,/content/drive/MyDrive/AURORA_TWETF/data/raw_yfinance/SOXX_SOXX.csv,Adj Close_SOXX,logret_1,1,0.8685558616394538,0.8685558616394538,1161,False,False,t-1 Taiwan trading day(s)
SOXX_rsi_14d_lag1,SOXX,1,/content/drive/MyDrive/AURORA_TWETF/data/raw_yfinance/SOXX_SOXX.csv,Adj Close_SOXX,pct_change_20,1,0.7762634246285558,0.7762634246285558,1200,False,False,t-1 Taiwan trading day(s)
SOXX_drawdown_60d_lag1,SOXX,1,/content/drive/MyDrive/AURORA_TWETF/data/raw_yfinance/SOXX_SOXX.csv,Adj Close_SOXX,logret_20,1,0.6835916456163212,0.6835916456163212,1162,False,False,t-1 Taiwan trading day(s)
USD_TWD_ret_lag_1d,USD/TWD,1,/content/drive/MyDrive/AURORA_TWETF/data/raw_yfinance/USD_TWD_TWD_X.csv,Adj Close_TWD=X,logret_1,1,0.9636731759339069,0.9636731759339069,1260,False,False,t-1 Taiwan trading day(s)
USD_TWD_ret_lag_2d,USD/TWD,1,/content/drive/MyDrive/AURORA_TWETF/data/raw_yfinance/USD_TWD_TWD_X.csv,Adj Close_TWD=X,logret_1,2,0.9343709144739035,0.9343709144739035,1259,False,False,t-2 Taiwan trading day(s)
USD_TWD_ret_lag_3d,USD/TWD,1,/content/drive/MyDrive/AURORA_TWETF/data/raw_yfinance/USD_TWD_TWD_X.csv,Adj Close_TWD=X,diff_1,3,0.8964416075906041,0.8964416075906041,1258,False,False,t-3 Taiwan trading day(s)
USD_TWD_ret_lag_5d,USD/TWD,1,/content/drive/MyDrive/AURORA_TWETF/data/raw_yfinance/USD_TWD_TWD_X.csv,Adj Close_TWD=X,diff_1_z,5,0.855617463228967,0.855617463228967,1256,False,False,t-5 Taiwan trading day(s)
USD_TWD_ret_lag_10d,USD/TWD,1,/content/drive/MyDrive/AURORA_TWETF/data/raw_yfinance/USD_TWD_TWD_X.csv,Adj Close_TWD=X,rolling_std_5_pct,5,-0.20319541384576995,0.20319541384576995,1251,False,False,t-5 Taiwan trading day(s)
USD_TWD_ret_lag_20d,USD/TWD,1,/content/drive/MyDrive/AURORA_TWETF/data/raw_yfinance/USD_TWD_TWD_X.csv,Adj Close_TWD=X,logret_20,3,0.2070426568247273,0.2070426568247273,1240,False,False,t-3 Taiwan trading day(s)
USD_TWD_momentum_5d_lag1,USD/TWD,1,/content/drive/MyDrive/AURORA_TWETF/data/raw_yfinance/USD_TWD_TWD_X.csv,Adj Close_TWD=X,logret_5,1,0.9700841291283965,0.9700841291283965,1256,False,False,t-1 Taiwan trading day(s)
USD_TWD_volatility_5d_lag1,USD/TWD,1,/content/drive/MyDrive/AURORA_TWETF/data/raw_yfinance/USD_TWD_TWD_X.csv,Adj Close_TWD=X,rolling_std_5_pct,1,0.9706958170148499,0.9706958170148499,1256,False,False,t-1 Taiwan trading day(s)
USD_TWD_ma_ratio_5d_lag1,USD/TWD,1,/content/drive/MyDrive/AURORA_TWETF/data/raw_yfinance/USD_TWD_TWD_X.csv,Adj Close_TWD=X,rolling_mean_5_pct,1,0.8014584036336635,0.8014584036336635,1257,False,False,t-1 Taiwan trading day(s)
USD_TWD_return_zscore_5d_lag1,USD/TWD,1,/content/drive/MyDrive/AURORA_TWETF/data/raw_yfinance/USD_TWD_TWD_X.csv,Adj Close_TWD=X,pct_change_1,1,0.7037971296807316,0.7037971296807316,1256,False,False,t-1 Taiwan trading day(s)
USD_TWD_momentum_10d_lag1,USD/TWD,1,/content/drive/MyDrive/AURORA_TWETF/data/raw_yfinance/USD_TWD_TWD_X.csv,Adj Close_TWD=X,rolling_mean_20_pct,1,0.756128103846078,0.756128103846078,1242,False,False,t-1 Taiwan trading day(s)
USD_TWD_volatility_10d_lag1,USD/TWD,1,/content/drive/MyDrive/AURORA_TWETF/data/raw_yfinance/USD_TWD_TWD_X.csv,Adj Close_TWD=X,rolling_std_5_pct,3,0.788888145626408,0.788888145626408,1251,False,False,t-3 Taiwan trading day(s)
USD_TWD_ma_ratio_10d_lag1,USD/TWD,1,/content/drive/MyDrive/AURORA_TWETF/data/raw_yfinance/USD_TWD_TWD_X.csv,Adj Close_TWD=X,logret_5,1,0.8984594171211202,0.8984594171211202,1252,False,False,t-1 Taiwan trading day(s)
USD_TWD_return_zscore_10d_lag1,USD/TWD,1,/content/drive/MyDrive/AURORA_TWETF/data/raw_yfinance/USD_TWD_TWD_X.csv,Adj Close_TWD=X,pct_change_1,1,0.7731687623406551,0.7731687623406551,1251,False,False,t-1 Taiwan trading day(s)
USD_TWD_momentum_20d_lag1,USD/TWD,1,/content/drive/MyDrive/AURORA_TWETF/data/raw_yfinance/USD_TWD_TWD_X.csv,Adj Close_TWD=X,pct_change_20,1,0.9664773560123208,0.9664773560123208,1241,False,False,t-1 Taiwan trading day(s)
USD_TWD_volatility_20d_lag1,USD/TWD,1,/content/drive/MyDrive/AURORA_TWETF/data/raw_yfinance/USD_TWD_TWD_X.csv,Adj Close_TWD=X,rolling_std_20_pct,1,0.9834803923114864,0.9834803923114864,1241,False,False,t-1 Taiwan trading day(s)
USD_TWD_ma_ratio_20d_lag1,USD/TWD,1,/content/drive/MyDrive/AURORA_TWETF/data/raw_yfinance/USD_TWD_TWD_X.csv,Adj Close_TWD=X,rolling_mean_20_pct,1,0.8951574292646277,0.8951574292646277,1242,False,False,t-1 Taiwan trading day(s)
USD_TWD_return_zscore_20d_lag1,USD/TWD,1,/content/drive/MyDrive/AURORA_TWETF/data/raw_yfinance/USD_TWD_TWD_X.csv,Adj Close_TWD=X,pct_change_1,1,0.8314469358225643,0.8314469358225643,1241,False,False,t-1 Taiwan trading day(s)
USD_TWD_momentum_60d_lag1,USD/TWD,1,/content/drive/MyDrive/AURORA_TWETF/data/raw_yfinance/USD_TWD_TWD_X.csv,Adj Close_TWD=X,pct_change_20,5,0.6277400958570758,0.6277400958570758,1201,False,False,t-5 Taiwan trading day(s)
USD_TWD_volatility_60d_lag1,USD/TWD,1,/content/drive/MyDrive/AURORA_TWETF/data/raw_yfinance/USD_TWD_TWD_X.csv,Adj Close_TWD=X,rolling_std_20_pct,5,0.6931660137723432,0.6931660137723432,1201,False,False,t-5 Taiwan trading day(s)
USD_TWD_ma_ratio_60d_lag1,USD/TWD,1,/content/drive/MyDrive/AURORA_TWETF/data/raw_yfinance/USD_TWD_TWD_X.csv,Adj Close_TWD=X,pct_change_20,1,0.8422586737243392,0.8422586737243392,1202,False,False,t-1 Taiwan trading day(s)
USD_TWD_return_zscore_60d_lag1,USD/TWD,1,/content/drive/MyDrive/AURORA_TWETF/data/raw_yfinance/USD_TWD_TWD_X.csv,Adj Close_TWD=X,pct_change_1,1,0.8759276583628373,0.8759276583628373,1201,False,False,t-1 Taiwan trading day(s)
USD_TWD_rsi_14d_lag1,USD/TWD,1,/content/drive/MyDrive/AURORA_TWETF/data/raw_yfinance/USD_TWD_TWD_X.csv,Adj Close_TWD=X,pct_change_20,1,0.7546241728101113,0.7546241728101113,1242,False,False,t-1 Taiwan trading day(s)
USD_TWD_drawdown_60d_lag1,USD/TWD,1,/content/drive/MyDrive/AURORA_TWETF/data/raw_yfinance/USD_TWD_TWD_X.csv,Adj Close_TWD=X,logret_20,1,0.6773163252210611,0.6773163252210611,1202,False,False,t-1 Taiwan trading day(s)
VIX_ret_lag_1d,VIX,1,/content/drive/MyDrive/AURORA_TWETF/data/raw_yfinance/VIX_VIX.csv,Adj Close_^VIX,pct_change_1,1,0.86103791989668,0.86103791989668,1219,False,False,t-1 Taiwan trading day(s)
VIX_ret_lag_2d,VIX,1,/content/drive/MyDrive/AURORA_TWETF/data/raw_yfinance/VIX_VIX.csv,Adj Close_^VIX,pct_change_1,2,0.8040369211024663,0.8040369211024663,1218,False,False,t-2 Taiwan trading day(s)
VIX_ret_lag_3d,VIX,1,/content/drive/MyDrive/AURORA_TWETF/data/raw_yfinance/VIX_VIX.csv,Adj Close_^VIX,pct_change_1,3,0.7516033091010547,0.7516033091010547,1217,False,False,t-3 Taiwan trading day(s)
VIX_ret_lag_5d,VIX,1,/content/drive/MyDrive/AURORA_TWETF/data/raw_yfinance/VIX_VIX.csv,Adj Close_^VIX,logret_1,5,0.6252457497381596,0.6252457497381596,1215,False,False,t-5 Taiwan trading day(s)
VIX_ret_lag_10d,VIX,1,/content/drive/MyDrive/AURORA_TWETF/data/raw_yfinance/VIX_VIX.csv,Adj Close_^VIX,rolling_std_5_pct,5,0.2160410362356852,0.2160410362356852,1211,False,False,t-5 Taiwan trading day(s)
VIX_ret_lag_20d,VIX,1,/content/drive/MyDrive/AURORA_TWETF/data/raw_yfinance/VIX_VIX.csv,Adj Close_^VIX,rolling_mean_20_pct,3,0.14046303702370788,0.14046303702370788,1198,False,False,t-3 Taiwan trading day(s)
VIX_momentum_5d_lag1,VIX,1,/content/drive/MyDrive/AURORA_TWETF/data/raw_yfinance/VIX_VIX.csv,Adj Close_^VIX,pct_change_5,1,0.9191631289387531,0.9191631289387531,1215,False,False,t-1 Taiwan trading day(s)
VIX_volatility_5d_lag1,VIX,1,/content/drive/MyDrive/AURORA_TWETF/data/raw_yfinance/VIX_VIX.csv,Adj Close_^VIX,rolling_std_5_pct,1,0.8922309606021641,0.8922309606021641,1215,False,False,t-1 Taiwan trading day(s)
VIX_ma_ratio_5d_lag1,VIX,1,/content/drive/MyDrive/AURORA_TWETF/data/raw_yfinance/VIX_VIX.csv,Adj Close_^VIX,pct_change_5,1,0.7752603301256371,0.7752603301256371,1215,False,False,t-1 Taiwan trading day(s)
VIX_return_zscore_5d_lag1,VIX,1,/content/drive/MyDrive/AURORA_TWETF/data/raw_yfinance/VIX_VIX.csv,Adj Close_^VIX,logret_1,1,0.6880971318995254,0.6880971318995254,1215,False,False,t-1 Taiwan trading day(s)
VIX_momentum_10d_lag1,VIX,1,/content/drive/MyDrive/AURORA_TWETF/data/raw_yfinance/VIX_VIX.csv,Adj Close_^VIX,pct_change_20,1,0.6653944255515012,0.6653944255515012,1200,False,False,t-1 Taiwan trading day(s)
VIX_volatility_10d_lag1,VIX,1,/content/drive/MyDrive/AURORA_TWETF/data/raw_yfinance/VIX_VIX.csv,Adj Close_^VIX,rolling_std_5_pct,3,0.7613599963540919,0.7613599963540919,1211,False,False,t-3 Taiwan trading day(s)
VIX_ma_ratio_10d_lag1,VIX,1,/content/drive/MyDrive/AURORA_TWETF/data/raw_yfinance/VIX_VIX.csv,Adj Close_^VIX,pct_change_5,1,0.8831089105909409,0.8831089105909409,1211,False,False,t-1 Taiwan trading day(s)
VIX_return_zscore_10d_lag1,VIX,1,/content/drive/MyDrive/AURORA_TWETF/data/raw_yfinance/VIX_VIX.csv,Adj Close_^VIX,logret_1,1,0.7828688162118337,0.7828688162118337,1211,False,False,t-1 Taiwan trading day(s)
VIX_momentum_20d_lag1,VIX,1,/content/drive/MyDrive/AURORA_TWETF/data/raw_yfinance/VIX_VIX.csv,Adj Close_^VIX,pct_change_20,1,0.9193633513764398,0.9193633513764398,1200,False,False,t-1 Taiwan trading day(s)
VIX_volatility_20d_lag1,VIX,1,/content/drive/MyDrive/AURORA_TWETF/data/raw_yfinance/VIX_VIX.csv,Adj Close_^VIX,rolling_std_20_pct,1,0.9166499116548477,0.9166499116548477,1200,False,False,t-1 Taiwan trading day(s)
VIX_ma_ratio_20d_lag1,VIX,1,/content/drive/MyDrive/AURORA_TWETF/data/raw_yfinance/VIX_VIX.csv,Adj Close_^VIX,pct_change_20,1,0.7909361934423749,0.7909361934423749,1200,False,False,t-1 Taiwan trading day(s)
VIX_return_zscore_20d_lag1,VIX,1,/content/drive/MyDrive/AURORA_TWETF/data/raw_yfinance/VIX_VIX.csv,Adj Close_^VIX,logret_1,1,0.8227939246912772,0.8227939246912772,1201,False,False,t-1 Taiwan trading day(s)
VIX_momentum_60d_lag1,VIX,1,/content/drive/MyDrive/AURORA_TWETF/data/raw_yfinance/VIX_VIX.csv,Adj Close_^VIX,level,1,0.5977846252179797,0.5977846252179797,1161,False,False,t-1 Taiwan trading day(s)
VIX_volatility_60d_lag1,VIX,1,/content/drive/MyDrive/AURORA_TWETF/data/raw_yfinance/VIX_VIX.csv,Adj Close_^VIX,rolling_std_20_pct,5,0.5887016955800121,0.5887016955800121,1161,False,False,t-5 Taiwan trading day(s)
VIX_ma_ratio_60d_lag1,VIX,1,/content/drive/MyDrive/AURORA_TWETF/data/raw_yfinance/VIX_VIX.csv,Adj Close_^VIX,pct_change_20,1,0.8111073459668037,0.8111073459668037,1162,False,False,t-1 Taiwan trading day(s)
VIX_return_zscore_60d_lag1,VIX,1,/content/drive/MyDrive/AURORA_TWETF/data/raw_yfinance/VIX_VIX.csv,Adj Close_^VIX,logret_1,1,0.8557399241270949,0.8557399241270949,1161,False,False,t-1 Taiwan trading day(s)
VIX_rsi_14d_lag1,VIX,1,/content/drive/MyDrive/AURORA_TWETF/data/raw_yfinance/VIX_VIX.csv,Adj Close_^VIX,logret_20,1,0.708294770198012,0.708294770198012,1200,False,False,t-1 Taiwan trading day(s)
VIX_drawdown_60d_lag1,VIX,1,/content/drive/MyDrive/AURORA_TWETF/data/raw_yfinance/VIX_VIX.csv,Adj Close_^VIX,logret_20,1,0.536627802493258,0.536627802493258,1162,False,False,t-1 Taiwan trading day(s)
NIKKEI225_ret_lag_1d,Nikkei 225,1,/content/drive/MyDrive/AURORA_TWETF/data/raw_yfinance/NIKKEI225_N225.csv,Adj Close_^N225,logret_1,1,0.9104225848391737,0.9104225848391737,1186,False,False,t-1 Taiwan trading day(s)
NIKKEI225_ret_lag_2d,Nikkei 225,1,/content/drive/MyDrive/AURORA_TWETF/data/raw_yfinance/NIKKEI225_N225.csv,Adj Close_^N225,logret_1,2,0.8429936875260948,0.8429936875260948,1185,False,False,t-2 Taiwan trading day(s)
NIKKEI225_ret_lag_3d,Nikkei 225,1,/content/drive/MyDrive/AURORA_TWETF/data/raw_yfinance/NIKKEI225_N225.csv,Adj Close_^N225,logret_1,3,0.800102231288728,0.800102231288728,1184,False,False,t-3 Taiwan trading day(s)
NIKKEI225_ret_lag_5d,Nikkei 225,1,/content/drive/MyDrive/AURORA_TWETF/data/raw_yfinance/NIKKEI225_N225.csv,Adj Close_^N225,pct_change_1,5,0.5910929993533862,0.5910929993533862,1182,False,False,t-5 Taiwan trading day(s)
NIKKEI225_ret_lag_10d,Nikkei 225,1,/content/drive/MyDrive/AURORA_TWETF/data/raw_yfinance/NIKKEI225_N225.csv,Adj Close_^N225,logret_20,0,0.20269585859767456,0.20269585859767456,1168,False,False,same calendar/trading date t
NIKKEI225_ret_lag_20d,Nikkei 225,1,/content/drive/MyDrive/AURORA_TWETF/data/raw_yfinance/NIKKEI225_N225.csv,Adj Close_^N225,pct_change_20,5,0.16796106010850903,0.16796106010850903,1164,False,False,t-5 Taiwan trading day(s)
NIKKEI225_momentum_5d_lag1,Nikkei 225,1,/content/drive/MyDrive/AURORA_TWETF/data/raw_yfinance/NIKKEI225_N225.csv,Adj Close_^N225,logret_5,1,0.923791747366242,0.923791747366242,1182,False,False,t-1 Taiwan trading day(s)
NIKKEI225_volatility_5d_lag1,Nikkei 225,1,/content/drive/MyDrive/AURORA_TWETF/data/raw_yfinance/NIKKEI225_N225.csv,Adj Close_^N225,rolling_std_5_pct,1,0.9224606855097194,0.9224606855097194,1182,False,False,t-1 Taiwan trading day(s)
NIKKEI225_ma_ratio_5d_lag1,Nikkei 225,1,/content/drive/MyDrive/AURORA_TWETF/data/raw_yfinance/NIKKEI225_N225.csv,Adj Close_^N225,rolling_mean_5_pct,1,0.7931558273080936,0.7931558273080936,1182,False,False,t-1 Taiwan trading day(s)
NIKKEI225_return_zscore_5d_lag1,Nikkei 225,1,/content/drive/MyDrive/AURORA_TWETF/data/raw_yfinance/NIKKEI225_N225.csv,Adj Close_^N225,pct_change_1,1,0.6953302953989486,0.6953302953989486,1183,False,False,t-1 Taiwan trading day(s)
NIKKEI225_momentum_10d_lag1,Nikkei 225,1,/content/drive/MyDrive/AURORA_TWETF/data/raw_yfinance/NIKKEI225_N225.csv,Adj Close_^N225,pct_change_5,5,0.6723408549676759,0.6723408549676759,1178,False,False,t-5 Taiwan trading day(s)
NIKKEI225_volatility_10d_lag1,Nikkei 225,1,/content/drive/MyDrive/AURORA_TWETF/data/raw_yfinance/NIKKEI225_N225.csv,Adj Close_^N225,rolling_std_5_pct,3,0.8060865012839733,0.8060865012839733,1178,False,False,t-3 Taiwan trading day(s)
NIKKEI225_ma_ratio_10d_lag1,Nikkei 225,1,/content/drive/MyDrive/AURORA_TWETF/data/raw_yfinance/NIKKEI225_N225.csv,Adj Close_^N225,logret_5,1,0.8875019433284703,0.8875019433284703,1179,False,False,t-1 Taiwan trading day(s)
NIKKEI225_return_zscore_10d_lag1,Nikkei 225,1,/content/drive/MyDrive/AURORA_TWETF/data/raw_yfinance/NIKKEI225_N225.csv,Adj Close_^N225,pct_change_1,1,0.7739760765118888,0.7739760765118888,1178,False,False,t-1 Taiwan trading day(s)
NIKKEI225_momentum_20d_lag1,Nikkei 225,1,/content/drive/MyDrive/AURORA_TWETF/data/raw_yfinance/NIKKEI225_N225.csv,Adj Close_^N225,logret_20,1,0.9435508335814927,0.9435508335814927,1167,False,False,t-1 Taiwan trading day(s)
NIKKEI225_volatility_20d_lag1,Nikkei 225,1,/content/drive/MyDrive/AURORA_TWETF/data/raw_yfinance/NIKKEI225_N225.csv,Adj Close_^N225,rolling_std_20_pct,0,0.9611624579741043,0.9611624579741043,1168,False,False,same calendar/trading date t
NIKKEI225_ma_ratio_20d_lag1,Nikkei 225,1,/content/drive/MyDrive/AURORA_TWETF/data/raw_yfinance/NIKKEI225_N225.csv,Adj Close_^N225,rolling_mean_20_pct,1,0.8246283361931334,0.8246283361931334,1167,False,False,t-1 Taiwan trading day(s)
NIKKEI225_return_zscore_20d_lag1,Nikkei 225,1,/content/drive/MyDrive/AURORA_TWETF/data/raw_yfinance/NIKKEI225_N225.csv,Adj Close_^N225,pct_change_1,1,0.8241559036082713,0.8241559036082713,1168,False,False,t-1 Taiwan trading day(s)
NIKKEI225_momentum_60d_lag1,Nikkei 225,1,/content/drive/MyDrive/AURORA_TWETF/data/raw_yfinance/NIKKEI225_N225.csv,Adj Close_^N225,logret_20,1,0.5306298579886309,0.5306298579886309,1129,False,False,t-1 Taiwan trading day(s)
NIKKEI225_volatility_60d_lag1,Nikkei 225,1,/content/drive/MyDrive/AURORA_TWETF/data/raw_yfinance/NIKKEI225_N225.csv,Adj Close_^N225,rolling_std_20_pct,5,0.6407560600214565,0.6407560600214565,1129,False,False,t-5 Taiwan trading day(s)
NIKKEI225_ma_ratio_60d_lag1,Nikkei 225,1,/content/drive/MyDrive/AURORA_TWETF/data/raw_yfinance/NIKKEI225_N225.csv,Adj Close_^N225,logret_20,1,0.7994441164173005,0.7994441164173005,1130,False,False,t-1 Taiwan trading day(s)
NIKKEI225_return_zscore_60d_lag1,Nikkei 225,1,/content/drive/MyDrive/AURORA_TWETF/data/raw_yfinance/NIKKEI225_N225.csv,Adj Close_^N225,pct_change_1,1,0.8743544552375567,0.8743544552375567,1129,False,False,t-1 Taiwan trading day(s)
NIKKEI225_rsi_14d_lag1,Nikkei 225,1,/content/drive/MyDrive/AURORA_TWETF/data/raw_yfinance/NIKKEI225_N225.csv,Adj Close_^N225,rolling_mean_20_pct,1,0.7784253088820275,0.7784253088820275,1167,False,False,t-1 Taiwan trading day(s)
NIKKEI225_drawdown_60d_lag1,Nikkei 225,1,/content/drive/MyDrive/AURORA_TWETF/data/raw_yfinance/NIKKEI225_N225.csv,Adj Close_^N225,logret_20,1,0.7371494815890948,0.7371494815890948,1130,False,False,t-1 Taiwan trading day(s)
HANGSENG_ret_lag_1d,Hang Seng,1,/content/drive/MyDrive/AURORA_TWETF/data/raw_yfinance/HANGSENG_HSI.csv,Adj Close_^HSI,logret_1,1,0.9418866685566881,0.9418866685566881,1219,False,False,t-1 Taiwan trading day(s)
HANGSENG_ret_lag_2d,Hang Seng,1,/content/drive/MyDrive/AURORA_TWETF/data/raw_yfinance/HANGSENG_HSI.csv,Adj Close_^HSI,logret_1,2,0.9097005352761883,0.9097005352761883,1218,False,False,t-2 Taiwan trading day(s)
HANGSENG_ret_lag_3d,Hang Seng,1,/content/drive/MyDrive/AURORA_TWETF/data/raw_yfinance/HANGSENG_HSI.csv,Adj Close_^HSI,logret_1,3,0.8781271473766158,0.8781271473766158,1217,False,False,t-3 Taiwan trading day(s)
HANGSENG_ret_lag_5d,Hang Seng,1,/content/drive/MyDrive/AURORA_TWETF/data/raw_yfinance/HANGSENG_HSI.csv,Adj Close_^HSI,logret_1,5,0.80654923420728,0.80654923420728,1215,False,False,t-5 Taiwan trading day(s)
HANGSENG_ret_lag_10d,Hang Seng,1,/content/drive/MyDrive/AURORA_TWETF/data/raw_yfinance/HANGSENG_HSI.csv,Adj Close_^HSI,rolling_mean_20_pct,1,0.21583821770423128,0.21583821770423128,1200,False,False,t-1 Taiwan trading day(s)
HANGSENG_ret_lag_20d,Hang Seng,1,/content/drive/MyDrive/AURORA_TWETF/data/raw_yfinance/HANGSENG_HSI.csv,Adj Close_^HSI,logret_20,5,0.18705482448862223,0.18705482448862223,1196,False,False,t-5 Taiwan trading day(s)
HANGSENG_momentum_5d_lag1,Hang Seng,1,/content/drive/MyDrive/AURORA_TWETF/data/raw_yfinance/HANGSENG_HSI.csv,Adj Close_^HSI,pct_change_5,1,0.9638849089583713,0.9638849089583713,1215,False,False,t-1 Taiwan trading day(s)
HANGSENG_volatility_5d_lag1,Hang Seng,1,/content/drive/MyDrive/AURORA_TWETF/data/raw_yfinance/HANGSENG_HSI.csv,Adj Close_^HSI,rolling_std_5_pct,1,0.947404047928759,0.947404047928759,1215,False,False,t-1 Taiwan trading day(s)
HANGSENG_ma_ratio_5d_lag1,Hang Seng,1,/content/drive/MyDrive/AURORA_TWETF/data/raw_yfinance/HANGSENG_HSI.csv,Adj Close_^HSI,rolling_mean_5_pct,1,0.8073673303192792,0.8073673303192792,1215,False,False,t-1 Taiwan trading day(s)
HANGSENG_return_zscore_5d_lag1,Hang Seng,1,/content/drive/MyDrive/AURORA_TWETF/data/raw_yfinance/HANGSENG_HSI.csv,Adj Close_^HSI,diff_1_z,1,0.7447221412744938,0.7447221412744938,1215,False,False,t-1 Taiwan trading day(s)
HANGSENG_momentum_10d_lag1,Hang Seng,1,/content/drive/MyDrive/AURORA_TWETF/data/raw_yfinance/HANGSENG_HSI.csv,Adj Close_^HSI,pct_change_5,2,0.6970750758250419,0.6970750758250419,1210,False,False,t-2 Taiwan trading day(s)
HANGSENG_volatility_10d_lag1,Hang Seng,1,/content/drive/MyDrive/AURORA_TWETF/data/raw_yfinance/HANGSENG_HSI.csv,Adj Close_^HSI,rolling_std_20_pct,-2,0.7870203385708966,0.7870203385708966,1203,False,False,future date t+2 trading day(s)
HANGSENG_ma_ratio_10d_lag1,Hang Seng,1,/content/drive/MyDrive/AURORA_TWETF/data/raw_yfinance/HANGSENG_HSI.csv,Adj Close_^HSI,rolling_mean_5_pct,1,0.9056982921378423,0.9056982921378423,1211,False,False,t-1 Taiwan trading day(s)
HANGSENG_return_zscore_10d_lag1,Hang Seng,1,/content/drive/MyDrive/AURORA_TWETF/data/raw_yfinance/HANGSENG_HSI.csv,Adj Close_^HSI,diff_1,1,0.8256071644239815,0.8256071644239815,1210,False,False,t-1 Taiwan trading day(s)
HANGSENG_momentum_20d_lag1,Hang Seng,1,/content/drive/MyDrive/AURORA_TWETF/data/raw_yfinance/HANGSENG_HSI.csv,Adj Close_^HSI,pct_change_20,1,0.9609381151543954,0.9609381151543954,1200,False,False,t-1 Taiwan trading day(s)
HANGSENG_volatility_20d_lag1,Hang Seng,1,/content/drive/MyDrive/AURORA_TWETF/data/raw_yfinance/HANGSENG_HSI.csv,Adj Close_^HSI,rolling_std_20_pct,1,0.957479616835103,0.957479616835103,1200,False,False,t-1 Taiwan trading day(s)
HANGSENG_ma_ratio_20d_lag1,Hang Seng,1,/content/drive/MyDrive/AURORA_TWETF/data/raw_yfinance/HANGSENG_HSI.csv,Adj Close_^HSI,rolling_mean_20_pct,1,0.843802945265795,0.843802945265795,1200,False,False,t-1 Taiwan trading day(s)
HANGSENG_return_zscore_20d_lag1,Hang Seng,1,/content/drive/MyDrive/AURORA_TWETF/data/raw_yfinance/HANGSENG_HSI.csv,Adj Close_^HSI,pct_change_1,1,0.8673296824762144,0.8673296824762144,1200,False,False,t-1 Taiwan trading day(s)
HANGSENG_momentum_60d_lag1,Hang Seng,1,/content/drive/MyDrive/AURORA_TWETF/data/raw_yfinance/HANGSENG_HSI.csv,Adj Close_^HSI,pct_change_20,2,0.5011608768242957,0.5011608768242957,1160,False,False,t-2 Taiwan trading day(s)
HANGSENG_volatility_60d_lag1,Hang Seng,1,/content/drive/MyDrive/AURORA_TWETF/data/raw_yfinance/HANGSENG_HSI.csv,Adj Close_^HSI,rolling_std_20_pct,5,0.6804354865175134,0.6804354865175134,1160,False,False,t-5 Taiwan trading day(s)
HANGSENG_ma_ratio_60d_lag1,Hang Seng,1,/content/drive/MyDrive/AURORA_TWETF/data/raw_yfinance/HANGSENG_HSI.csv,Adj Close_^HSI,pct_change_20,1,0.8036630623788662,0.8036630623788662,1161,False,False,t-1 Taiwan trading day(s)
HANGSENG_return_zscore_60d_lag1,Hang Seng,1,/content/drive/MyDrive/AURORA_TWETF/data/raw_yfinance/HANGSENG_HSI.csv,Adj Close_^HSI,pct_change_1,1,0.9104045249550745,0.9104045249550745,1160,False,False,t-1 Taiwan trading day(s)
HANGSENG_rsi_14d_lag1,Hang Seng,1,/content/drive/MyDrive/AURORA_TWETF/data/raw_yfinance/HANGSENG_HSI.csv,Adj Close_^HSI,rolling_mean_20_pct,-1,0.7643276988204037,0.7643276988204037,1202,False,False,future date t+1 trading day(s)
HANGSENG_drawdown_60d_lag1,Hang Seng,1,/content/drive/MyDrive/AURORA_TWETF/data/raw_yfinance/HANGSENG_HSI.csv,Adj Close_^HSI,logret_20,1,0.6709307138118312,0.6709307138118312,1161,False,False,t-1 Taiwan trading day(s)
KOSPI_ret_lag_1d,KOSPI,1,/content/drive/MyDrive/AURORA_TWETF/data/raw_yfinance/KOSPI_KS11.csv,Adj Close_^KS11,logret_1,1,0.9471403828499579,0.9471403828499579,1212,False,False,t-1 Taiwan trading day(s)
KOSPI_ret_lag_2d,KOSPI,1,/content/drive/MyDrive/AURORA_TWETF/data/raw_yfinance/KOSPI_KS11.csv,Adj Close_^KS11,logret_1,2,0.9212858075366226,0.9212858075366226,1211,False,False,t-2 Taiwan trading day(s)
KOSPI_ret_lag_3d,KOSPI,1,/content/drive/MyDrive/AURORA_TWETF/data/raw_yfinance/KOSPI_KS11.csv,Adj Close_^KS11,logret_1,3,0.8907244268129557,0.8907244268129557,1210,False,False,t-3 Taiwan trading day(s)
KOSPI_ret_lag_5d,KOSPI,1,/content/drive/MyDrive/AURORA_TWETF/data/raw_yfinance/KOSPI_KS11.csv,Adj Close_^KS11,logret_1,5,0.8465119290865049,0.8465119290865049,1208,False,False,t-5 Taiwan trading day(s)
KOSPI_ret_lag_10d,KOSPI,1,/content/drive/MyDrive/AURORA_TWETF/data/raw_yfinance/KOSPI_KS11.csv,Adj Close_^KS11,rolling_mean_20_pct,0,0.23047337240305243,0.23047337240305243,1194,False,False,same calendar/trading date t
KOSPI_ret_lag_20d,KOSPI,1,/content/drive/MyDrive/AURORA_TWETF/data/raw_yfinance/KOSPI_KS11.csv,Adj Close_^KS11,rolling_mean_20_pct,5,0.20277298811978708,0.20277298811978708,1189,False,False,t-5 Taiwan trading day(s)
KOSPI_momentum_5d_lag1,KOSPI,1,/content/drive/MyDrive/AURORA_TWETF/data/raw_yfinance/KOSPI_KS11.csv,Adj Close_^KS11,pct_change_5,1,0.9506523683720273,0.9506523683720273,1208,False,False,t-1 Taiwan trading day(s)
KOSPI_volatility_5d_lag1,KOSPI,1,/content/drive/MyDrive/AURORA_TWETF/data/raw_yfinance/KOSPI_KS11.csv,Adj Close_^KS11,rolling_std_5_pct,1,0.968892038450514,0.968892038450514,1208,False,False,t-1 Taiwan trading day(s)
KOSPI_ma_ratio_5d_lag1,KOSPI,1,/content/drive/MyDrive/AURORA_TWETF/data/raw_yfinance/KOSPI_KS11.csv,Adj Close_^KS11,rolling_mean_5_pct,1,0.7921875337155796,0.7921875337155796,1208,False,False,t-1 Taiwan trading day(s)
KOSPI_return_zscore_5d_lag1,KOSPI,1,/content/drive/MyDrive/AURORA_TWETF/data/raw_yfinance/KOSPI_KS11.csv,Adj Close_^KS11,pct_change_1,1,0.6941549907320952,0.6941549907320952,1208,False,False,t-1 Taiwan trading day(s)
KOSPI_momentum_10d_lag1,KOSPI,1,/content/drive/MyDrive/AURORA_TWETF/data/raw_yfinance/KOSPI_KS11.csv,Adj Close_^KS11,logret_20,1,0.7303161062395962,0.7303161062395962,1193,False,False,t-1 Taiwan trading day(s)
KOSPI_volatility_10d_lag1,KOSPI,1,/content/drive/MyDrive/AURORA_TWETF/data/raw_yfinance/KOSPI_KS11.csv,Adj Close_^KS11,rolling_std_20_pct,-2,0.871443652552791,0.871443652552791,1196,False,False,future date t+2 trading day(s)
KOSPI_ma_ratio_10d_lag1,KOSPI,1,/content/drive/MyDrive/AURORA_TWETF/data/raw_yfinance/KOSPI_KS11.csv,Adj Close_^KS11,logret_5,1,0.8900678785513768,0.8900678785513768,1204,False,False,t-1 Taiwan trading day(s)
KOSPI_return_zscore_10d_lag1,KOSPI,1,/content/drive/MyDrive/AURORA_TWETF/data/raw_yfinance/KOSPI_KS11.csv,Adj Close_^KS11,pct_change_1,1,0.772747746290865,0.772747746290865,1203,False,False,t-1 Taiwan trading day(s)
KOSPI_momentum_20d_lag1,KOSPI,1,/content/drive/MyDrive/AURORA_TWETF/data/raw_yfinance/KOSPI_KS11.csv,Adj Close_^KS11,rolling_mean_20_pct,1,0.969140334714514,0.969140334714514,1193,False,False,t-1 Taiwan trading day(s)
KOSPI_volatility_20d_lag1,KOSPI,1,/content/drive/MyDrive/AURORA_TWETF/data/raw_yfinance/KOSPI_KS11.csv,Adj Close_^KS11,rolling_std_20_pct,1,0.9829235886275146,0.9829235886275146,1193,False,False,t-1 Taiwan trading day(s)
KOSPI_ma_ratio_20d_lag1,KOSPI,1,/content/drive/MyDrive/AURORA_TWETF/data/raw_yfinance/KOSPI_KS11.csv,Adj Close_^KS11,logret_20,1,0.8757668385528795,0.8757668385528795,1193,False,False,t-1 Taiwan trading day(s)
KOSPI_return_zscore_20d_lag1,KOSPI,1,/content/drive/MyDrive/AURORA_TWETF/data/raw_yfinance/KOSPI_KS11.csv,Adj Close_^KS11,pct_change_1,1,0.8139944712559706,0.8139944712559706,1193,False,False,t-1 Taiwan trading day(s)
KOSPI_momentum_60d_lag1,KOSPI,1,/content/drive/MyDrive/AURORA_TWETF/data/raw_yfinance/KOSPI_KS11.csv,Adj Close_^KS11,level,1,0.7705497276780977,0.7705497276780977,1153,False,False,t-1 Taiwan trading day(s)
KOSPI_volatility_60d_lag1,KOSPI,1,/content/drive/MyDrive/AURORA_TWETF/data/raw_yfinance/KOSPI_KS11.csv,Adj Close_^KS11,rolling_std_20_pct,1,0.8021097407304183,0.8021097407304183,1153,False,False,t-1 Taiwan trading day(s)
KOSPI_ma_ratio_60d_lag1,KOSPI,1,/content/drive/MyDrive/AURORA_TWETF/data/raw_yfinance/KOSPI_KS11.csv,Adj Close_^KS11,rolling_mean_20_pct,1,0.8553372585330091,0.8553372585330091,1154,False,False,t-1 Taiwan trading day(s)
KOSPI_return_zscore_60d_lag1,KOSPI,1,/content/drive/MyDrive/AURORA_TWETF/data/raw_yfinance/KOSPI_KS11.csv,Adj Close_^KS11,pct_change_1,1,0.8768838313039603,0.8768838313039603,1153,False,False,t-1 Taiwan trading day(s)
KOSPI_rsi_14d_lag1,KOSPI,1,/content/drive/MyDrive/AURORA_TWETF/data/raw_yfinance/KOSPI_KS11.csv,Adj Close_^KS11,logret_20,0,0.794492912889504,0.794492912889504,1194,False,False,same calendar/trading date t
KOSPI_drawdown_60d_lag1,KOSPI,1,/content/drive/MyDrive/AURORA_TWETF/data/raw_yfinance/KOSPI_KS11.csv,Adj Close_^KS11,logret_20,1,0.6458221250967625,0.6458221250967625,1154,False,False,t-1 Taiwan trading day(s)
US10Y_ret_lag_1d,U.S. 10-year Treasury yield,1,/content/drive/MyDrive/AURORA_TWETF/data/raw_yfinance/US10Y_TNX.csv,Adj Close_^TNX,logret_1,1,0.9304621438153416,0.9304621438153416,1219,False,False,t-1 Taiwan trading day(s)
US10Y_ret_lag_2d,U.S. 10-year Treasury yield,1,/content/drive/MyDrive/AURORA_TWETF/data/raw_yfinance/US10Y_TNX.csv,Adj Close_^TNX,logret_1,2,0.8659888873325727,0.8659888873325727,1218,False,False,t-2 Taiwan trading day(s)
US10Y_ret_lag_3d,U.S. 10-year Treasury yield,1,/content/drive/MyDrive/AURORA_TWETF/data/raw_yfinance/US10Y_TNX.csv,Adj Close_^TNX,logret_1,3,0.8214327887506376,0.8214327887506376,1217,False,False,t-3 Taiwan trading day(s)
US10Y_ret_lag_5d,U.S. 10-year Treasury yield,1,/content/drive/MyDrive/AURORA_TWETF/data/raw_yfinance/US10Y_TNX.csv,Adj Close_^TNX,logret_1,5,0.7347672663453546,0.7347672663453546,1215,False,False,t-5 Taiwan trading day(s)
US10Y_ret_lag_10d,U.S. 10-year Treasury yield,1,/content/drive/MyDrive/AURORA_TWETF/data/raw_yfinance/US10Y_TNX.csv,Adj Close_^TNX,pct_change_20,1,0.24613722887788347,0.24613722887788347,1200,False,False,t-1 Taiwan trading day(s)
US10Y_ret_lag_20d,U.S. 10-year Treasury yield,1,/content/drive/MyDrive/AURORA_TWETF/data/raw_yfinance/US10Y_TNX.csv,Adj Close_^TNX,pct_change_20,3,0.19516100344259954,0.19516100344259954,1198,False,False,t-3 Taiwan trading day(s)
US10Y_momentum_5d_lag1,U.S. 10-year Treasury yield,1,/content/drive/MyDrive/AURORA_TWETF/data/raw_yfinance/US10Y_TNX.csv,Adj Close_^TNX,pct_change_5,1,0.9498526410587845,0.9498526410587845,1215,False,False,t-1 Taiwan trading day(s)
US10Y_volatility_5d_lag1,U.S. 10-year Treasury yield,1,/content/drive/MyDrive/AURORA_TWETF/data/raw_yfinance/US10Y_TNX.csv,Adj Close_^TNX,rolling_std_5_pct,1,0.943453949157764,0.943453949157764,1215,False,False,t-1 Taiwan trading day(s)
US10Y_ma_ratio_5d_lag1,U.S. 10-year Treasury yield,1,/content/drive/MyDrive/AURORA_TWETF/data/raw_yfinance/US10Y_TNX.csv,Adj Close_^TNX,rolling_mean_5_pct,1,0.8026900947752655,0.8026900947752655,1215,False,False,t-1 Taiwan trading day(s)
US10Y_return_zscore_5d_lag1,U.S. 10-year Treasury yield,1,/content/drive/MyDrive/AURORA_TWETF/data/raw_yfinance/US10Y_TNX.csv,Adj Close_^TNX,diff_1,1,0.7575517097193287,0.7575517097193287,1215,False,False,t-1 Taiwan trading day(s)
US10Y_momentum_10d_lag1,U.S. 10-year Treasury yield,1,/content/drive/MyDrive/AURORA_TWETF/data/raw_yfinance/US10Y_TNX.csv,Adj Close_^TNX,rolling_mean_20_pct,1,0.7483808258630447,0.7483808258630447,1200,False,False,t-1 Taiwan trading day(s)
US10Y_volatility_10d_lag1,U.S. 10-year Treasury yield,1,/content/drive/MyDrive/AURORA_TWETF/data/raw_yfinance/US10Y_TNX.csv,Adj Close_^TNX,rolling_std_20_pct,-2,0.903495173295025,0.903495173295025,1203,False,False,future date t+2 trading day(s)
US10Y_ma_ratio_10d_lag1,U.S. 10-year Treasury yield,1,/content/drive/MyDrive/AURORA_TWETF/data/raw_yfinance/US10Y_TNX.csv,Adj Close_^TNX,pct_change_5,1,0.9000217308794133,0.9000217308794133,1211,False,False,t-1 Taiwan trading day(s)
US10Y_return_zscore_10d_lag1,U.S. 10-year Treasury yield,1,/content/drive/MyDrive/AURORA_TWETF/data/raw_yfinance/US10Y_TNX.csv,Adj Close_^TNX,diff_1,1,0.8303982425492892,0.8303982425492892,1211,False,False,t-1 Taiwan trading day(s)
US10Y_momentum_20d_lag1,U.S. 10-year Treasury yield,1,/content/drive/MyDrive/AURORA_TWETF/data/raw_yfinance/US10Y_TNX.csv,Adj Close_^TNX,pct_change_20,1,0.9619787650074068,0.9619787650074068,1200,False,False,t-1 Taiwan trading day(s)
US10Y_volatility_20d_lag1,U.S. 10-year Treasury yield,1,/content/drive/MyDrive/AURORA_TWETF/data/raw_yfinance/US10Y_TNX.csv,Adj Close_^TNX,rolling_std_20_pct,1,0.9785556620031881,0.9785556620031881,1200,False,False,t-1 Taiwan trading day(s)
US10Y_ma_ratio_20d_lag1,U.S. 10-year Treasury yield,1,/content/drive/MyDrive/AURORA_TWETF/data/raw_yfinance/US10Y_TNX.csv,Adj Close_^TNX,rolling_mean_20_pct,1,0.8779457513417838,0.8779457513417838,1200,False,False,t-1 Taiwan trading day(s)
US10Y_return_zscore_20d_lag1,U.S. 10-year Treasury yield,1,/content/drive/MyDrive/AURORA_TWETF/data/raw_yfinance/US10Y_TNX.csv,Adj Close_^TNX,diff_1,1,0.8653591505302808,0.8653591505302808,1201,False,False,t-1 Taiwan trading day(s)
US10Y_momentum_60d_lag1,U.S. 10-year Treasury yield,1,/content/drive/MyDrive/AURORA_TWETF/data/raw_yfinance/US10Y_TNX.csv,Adj Close_^TNX,rolling_mean_20_pct,4,0.5380152260168328,0.5380152260168328,1161,False,False,t-4 Taiwan trading day(s)
US10Y_volatility_60d_lag1,U.S. 10-year Treasury yield,1,/content/drive/MyDrive/AURORA_TWETF/data/raw_yfinance/US10Y_TNX.csv,Adj Close_^TNX,rolling_std_20_pct,5,0.8882022941540186,0.8882022941540186,1161,False,False,t-5 Taiwan trading day(s)
US10Y_ma_ratio_60d_lag1,U.S. 10-year Treasury yield,1,/content/drive/MyDrive/AURORA_TWETF/data/raw_yfinance/US10Y_TNX.csv,Adj Close_^TNX,rolling_mean_20_pct,1,0.8177366930681379,0.8177366930681379,1162,False,False,t-1 Taiwan trading day(s)
US10Y_return_zscore_60d_lag1,U.S. 10-year Treasury yield,1,/content/drive/MyDrive/AURORA_TWETF/data/raw_yfinance/US10Y_TNX.csv,Adj Close_^TNX,diff_1_z,1,0.8832932834603275,0.8832932834603275,1161,False,False,t-1 Taiwan trading day(s)
US10Y_rsi_14d_lag1,U.S. 10-year Treasury yield,1,/content/drive/MyDrive/AURORA_TWETF/data/raw_yfinance/US10Y_TNX.csv,Adj Close_^TNX,logret_20,1,0.7758046983183128,0.7758046983183128,1200,False,False,t-1 Taiwan trading day(s)
US10Y_drawdown_60d_lag1,U.S. 10-year Treasury yield,1,/content/drive/MyDrive/AURORA_TWETF/data/raw_yfinance/US10Y_TNX.csv,Adj Close_^TNX,logret_20,1,0.6685986763114812,0.6685986763114812,1162,False,False,t-1 Taiwan trading day(s)
0050_volume_zscore_5d_lag1,0050,0,/content/drive/MyDrive/AURORA_TWETF/data/raw_yfinance/0050_0050_TW.csv,Adj Close_0050.TW,diff_1_z,1,-0.15189835378300565,0.15189835378300565,1258,False,False,t-1 Taiwan trading day(s)
0050_volume_change_5d_lag1,0050,0,/content/drive/MyDrive/AURORA_TWETF/data/raw_yfinance/0050_0050_TW.csv,Adj Close_0050.TW,diff_1_z,1,-0.06808794410481793,0.06808794410481793,1252,False,False,t-1 Taiwan trading day(s)
0050_volume_zscore_20d_lag1,0050,0,/content/drive/MyDrive/AURORA_TWETF/data/raw_yfinance/0050_0050_TW.csv,Adj Close_0050.TW,rolling_std_5_pct,-2,0.2877144727020401,0.2877144727020401,1244,False,False,future date t+2 trading day(s)
0050_volume_change_20d_lag1,0050,0,/content/drive/MyDrive/AURORA_TWETF/data/raw_yfinance/0050_0050_TW.csv,Adj Close_0050.TW,rolling_std_5_pct,-2,0.13230433235416003,0.13230433235416003,1237,False,False,future date t+2 trading day(s)
0050_volume_zscore_60d_lag1,0050,0,/content/drive/MyDrive/AURORA_TWETF/data/raw_yfinance/0050_0050_TW.csv,Adj Close_0050.TW,rolling_std_5_pct,-2,0.3759567046147273,0.3759567046147273,1204,False,False,future date t+2 trading day(s)
0050_volume_change_60d_lag1,0050,0,/content/drive/MyDrive/AURORA_TWETF/data/raw_yfinance/0050_0050_TW.csv,Adj Close_0050.TW,rolling_std_5_pct,-2,0.09240247513008897,0.09240247513008897,1197,False,False,future date t+2 trading day(s)
006208_volume_zscore_5d_lag1,006208,0,/content/drive/MyDrive/AURORA_TWETF/data/raw_yfinance/006208_006208_TW.csv,Adj Close_006208.TW,logret_1,1,-0.16546051935921427,0.16546051935921427,1259,False,False,t-1 Taiwan trading day(s)
006208_volume_change_5d_lag1,006208,0,/content/drive/MyDrive/AURORA_TWETF/data/raw_yfinance/006208_006208_TW.csv,Adj Close_006208.TW,logret_1,1,-0.08088197596660637,0.08088197596660637,1257,False,False,t-1 Taiwan trading day(s)
006208_volume_zscore_20d_lag1,006208,0,/content/drive/MyDrive/AURORA_TWETF/data/raw_yfinance/006208_006208_TW.csv,Adj Close_006208.TW,rolling_std_5_pct,-2,0.228949701933748,0.228949701933748,1244,False,False,future date t+2 trading day(s)
006208_volume_change_20d_lag1,006208,0,/content/drive/MyDrive/AURORA_TWETF/data/raw_yfinance/006208_006208_TW.csv,Adj Close_006208.TW,rolling_std_5_pct,-2,0.1528025887943631,0.1528025887943631,1242,False,False,future date t+2 trading day(s)
006208_volume_zscore_60d_lag1,006208,0,/content/drive/MyDrive/AURORA_TWETF/data/raw_yfinance/006208_006208_TW.csv,Adj Close_006208.TW,rolling_std_5_pct,-2,0.2853832728803408,0.2853832728803408,1204,False,False,future date t+2 trading day(s)
006208_volume_change_60d_lag1,006208,0,/content/drive/MyDrive/AURORA_TWETF/data/raw_yfinance/006208_006208_TW.csv,Adj Close_006208.TW,rolling_std_5_pct,-2,0.19549651763642334,0.19549651763642334,1202,False,False,future date t+2 trading day(s)
00692_volume_zscore_5d_lag1,00692,0,/content/drive/MyDrive/AURORA_TWETF/data/raw_yfinance/00692_00692_TW.csv,Adj Close_00692.TW,logret_1,1,-0.13445593245339665,0.13445593245339665,1259,False,False,t-1 Taiwan trading day(s)
00692_volume_change_5d_lag1,00692,0,/content/drive/MyDrive/AURORA_TWETF/data/raw_yfinance/00692_00692_TW.csv,Adj Close_00692.TW,diff_1,1,-0.052205772555494495,0.052205772555494495,1257,False,False,t-1 Taiwan trading day(s)
00692_volume_zscore_20d_lag1,00692,0,/content/drive/MyDrive/AURORA_TWETF/data/raw_yfinance/00692_00692_TW.csv,Adj Close_00692.TW,rolling_std_5_pct,-2,0.16702141363129816,0.16702141363129816,1244,False,False,future date t+2 trading day(s)
00692_volume_change_20d_lag1,00692,0,/content/drive/MyDrive/AURORA_TWETF/data/raw_yfinance/00692_00692_TW.csv,Adj Close_00692.TW,diff_1_z,-2,0.044515244804049836,0.044515244804049836,1242,False,False,future date t+2 trading day(s)
00692_volume_zscore_60d_lag1,00692,0,/content/drive/MyDrive/AURORA_TWETF/data/raw_yfinance/00692_00692_TW.csv,Adj Close_00692.TW,rolling_std_5_pct,-2,0.21380524387249966,0.21380524387249966,1204,False,False,future date t+2 trading day(s)
00692_volume_change_60d_lag1,00692,0,/content/drive/MyDrive/AURORA_TWETF/data/raw_yfinance/00692_00692_TW.csv,Adj Close_00692.TW,diff_1_z,-2,-0.02820013609972014,0.02820013609972014,1202,False,False,future date t+2 trading day(s)
00881_volume_zscore_5d_lag1,00881,0,/content/drive/MyDrive/AURORA_TWETF/data/raw_yfinance/00881_00881_TW.csv,Adj Close_00881.TW,rolling_std_5_pct,2,-0.1353871073865004,0.1353871073865004,1257,False,False,t-2 Taiwan trading day(s)
00881_volume_change_5d_lag1,00881,0,/content/drive/MyDrive/AURORA_TWETF/data/raw_yfinance/00881_00881_TW.csv,Adj Close_00881.TW,diff_1,-2,0.04427924271287022,0.04427924271287022,1257,False,False,future date t+2 trading day(s)
00881_volume_zscore_20d_lag1,00881,0,/content/drive/MyDrive/AURORA_TWETF/data/raw_yfinance/00881_00881_TW.csv,Adj Close_00881.TW,rolling_std_5_pct,-2,0.193105573259056,0.193105573259056,1244,False,False,future date t+2 trading day(s)
00881_volume_change_20d_lag1,00881,0,/content/drive/MyDrive/AURORA_TWETF/data/raw_yfinance/00881_00881_TW.csv,Adj Close_00881.TW,diff_1_z,-2,0.040180884012660865,0.040180884012660865,1242,False,False,future date t+2 trading day(s)
00881_volume_zscore_60d_lag1,00881,0,/content/drive/MyDrive/AURORA_TWETF/data/raw_yfinance/00881_00881_TW.csv,Adj Close_00881.TW,rolling_std_5_pct,-2,0.2568233153891639,0.2568233153891639,1204,False,False,future date t+2 trading day(s)
00881_volume_change_60d_lag1,00881,0,/content/drive/MyDrive/AURORA_TWETF/data/raw_yfinance/00881_00881_TW.csv,Adj Close_00881.TW,rolling_std_5_pct,-2,0.05839425561430671,0.05839425561430671,1202,False,False,future date t+2 trading day(s)
TAIEX_volume_zscore_5d_lag1,TAIEX,0,/content/drive/MyDrive/AURORA_TWETF/data/raw_yfinance/TAIEX_TWII.csv,Adj Close_^TWII,pct_change_5,2,0.1457399977817733,0.1457399977817733,1257,False,False,t-2 Taiwan trading day(s)
TAIEX_volume_change_5d_lag1,TAIEX,0,/content/drive/MyDrive/AURORA_TWETF/data/raw_yfinance/TAIEX_TWII.csv,Adj Close_^TWII,pct_change_5,2,0.13474969595653172,0.13474969595653172,1254,False,False,t-2 Taiwan trading day(s)
TAIEX_volume_zscore_20d_lag1,TAIEX,0,/content/drive/MyDrive/AURORA_TWETF/data/raw_yfinance/TAIEX_TWII.csv,Adj Close_^TWII,pct_change_20,3,0.26782880440012075,0.26782880440012075,1241,False,False,t-3 Taiwan trading day(s)
TAIEX_volume_change_20d_lag1,TAIEX,0,/content/drive/MyDrive/AURORA_TWETF/data/raw_yfinance/TAIEX_TWII.csv,Adj Close_^TWII,pct_change_20,4,0.34392947049663253,0.34392947049663253,1237,False,False,t-4 Taiwan trading day(s)
TAIEX_volume_zscore_60d_lag1,TAIEX,0,/content/drive/MyDrive/AURORA_TWETF/data/raw_yfinance/TAIEX_TWII.csv,Adj Close_^TWII,pct_change_20,4,0.3684192647569525,0.3684192647569525,1204,False,False,t-4 Taiwan trading day(s)
TAIEX_volume_change_60d_lag1,TAIEX,0,/content/drive/MyDrive/AURORA_TWETF/data/raw_yfinance/TAIEX_TWII.csv,Adj Close_^TWII,pct_change_20,5,0.3323117430706993,0.3323117430706993,1200,False,False,t-5 Taiwan trading day(s)
SP500_volume_zscore_5d_lag1,S&P 500,1,/content/drive/MyDrive/AURORA_TWETF/data/raw_yfinance/SP500_GSPC.csv,Adj Close_^GSPC,rolling_mean_5_pct,1,-0.15086350534622647,0.15086350534622647,1215,False,False,t-1 Taiwan trading day(s)
SP500_volume_change_5d_lag1,S&P 500,1,/content/drive/MyDrive/AURORA_TWETF/data/raw_yfinance/SP500_GSPC.csv,Adj Close_^GSPC,logret_5,1,-0.19873767247987453,0.19873767247987453,1214,False,False,t-1 Taiwan trading day(s)
SP500_volume_zscore_20d_lag1,S&P 500,1,/content/drive/MyDrive/AURORA_TWETF/data/raw_yfinance/SP500_GSPC.csv,Adj Close_^GSPC,logret_5,1,-0.18351277897792692,0.18351277897792692,1202,False,False,t-1 Taiwan trading day(s)
SP500_volume_change_20d_lag1,S&P 500,1,/content/drive/MyDrive/AURORA_TWETF/data/raw_yfinance/SP500_GSPC.csv,Adj Close_^GSPC,rolling_mean_20_pct,1,-0.19686359685411223,0.19686359685411223,1199,False,False,t-1 Taiwan trading day(s)
SP500_volume_zscore_60d_lag1,S&P 500,1,/content/drive/MyDrive/AURORA_TWETF/data/raw_yfinance/SP500_GSPC.csv,Adj Close_^GSPC,rolling_std_5_pct,-1,0.21984575828372555,0.21984575828372555,1162,False,False,future date t+1 trading day(s)
SP500_volume_change_60d_lag1,S&P 500,1,/content/drive/MyDrive/AURORA_TWETF/data/raw_yfinance/SP500_GSPC.csv,Adj Close_^GSPC,rolling_std_5_pct,-2,0.27809337343699514,0.27809337343699514,1160,False,False,future date t+2 trading day(s)
NASDAQ_volume_zscore_5d_lag1,NASDAQ,1,/content/drive/MyDrive/AURORA_TWETF/data/raw_yfinance/NASDAQ_IXIC.csv,Adj Close_^IXIC,rolling_std_5_pct,3,-0.09372398122281754,0.09372398122281754,1213,False,False,t-3 Taiwan trading day(s)
NASDAQ_volume_change_5d_lag1,NASDAQ,1,/content/drive/MyDrive/AURORA_TWETF/data/raw_yfinance/NASDAQ_IXIC.csv,Adj Close_^IXIC,rolling_std_5_pct,4,-0.11648243927317439,0.11648243927317439,1212,False,False,t-4 Taiwan trading day(s)
NASDAQ_volume_zscore_20d_lag1,NASDAQ,1,/content/drive/MyDrive/AURORA_TWETF/data/raw_yfinance/NASDAQ_IXIC.csv,Adj Close_^IXIC,rolling_std_5_pct,-2,0.13046805813636675,0.13046805813636675,1202,False,False,future date t+2 trading day(s)
NASDAQ_volume_change_20d_lag1,NASDAQ,1,/content/drive/MyDrive/AURORA_TWETF/data/raw_yfinance/NASDAQ_IXIC.csv,Adj Close_^IXIC,rolling_std_5_pct,0,0.08549765449158442,0.08549765449158442,1201,False,False,same calendar/trading date t
NASDAQ_volume_zscore_60d_lag1,NASDAQ,1,/content/drive/MyDrive/AURORA_TWETF/data/raw_yfinance/NASDAQ_IXIC.csv,Adj Close_^IXIC,rolling_std_5_pct,-2,0.11963331775813135,0.11963331775813135,1162,False,False,future date t+2 trading day(s)
NASDAQ_volume_change_60d_lag1,NASDAQ,1,/content/drive/MyDrive/AURORA_TWETF/data/raw_yfinance/NASDAQ_IXIC.csv,Adj Close_^IXIC,level,4,0.12961898039005085,0.12961898039005085,1161,False,False,t-4 Taiwan trading day(s)
SOXX_volume_zscore_5d_lag1,SOXX,1,/content/drive/MyDrive/AURORA_TWETF/data/raw_yfinance/SOXX_SOXX.csv,Adj Close_SOXX,rolling_std_5_pct,-2,0.14389022815203822,0.14389022815203822,1216,False,False,future date t+2 trading day(s)
SOXX_volume_change_5d_lag1,SOXX,1,/content/drive/MyDrive/AURORA_TWETF/data/raw_yfinance/SOXX_SOXX.csv,Adj Close_SOXX,rolling_std_5_pct,-1,0.2997381447945743,0.2997381447945743,1215,False,False,future date t+1 trading day(s)
SOXX_volume_zscore_20d_lag1,SOXX,1,/content/drive/MyDrive/AURORA_TWETF/data/raw_yfinance/SOXX_SOXX.csv,Adj Close_SOXX,rolling_std_5_pct,-2,0.2816873061675522,0.2816873061675522,1202,False,False,future date t+2 trading day(s)
SOXX_volume_change_20d_lag1,SOXX,1,/content/drive/MyDrive/AURORA_TWETF/data/raw_yfinance/SOXX_SOXX.csv,Adj Close_SOXX,rolling_std_5_pct,1,0.29486102071874015,0.29486102071874015,1201,False,False,t-1 Taiwan trading day(s)
SOXX_volume_zscore_60d_lag1,SOXX,1,/content/drive/MyDrive/AURORA_TWETF/data/raw_yfinance/SOXX_SOXX.csv,Adj Close_SOXX,rolling_std_5_pct,-1,0.3479839398487384,0.3479839398487384,1162,False,False,future date t+1 trading day(s)
SOXX_volume_change_60d_lag1,SOXX,1,/content/drive/MyDrive/AURORA_TWETF/data/raw_yfinance/SOXX_SOXX.csv,Adj Close_SOXX,rolling_std_5_pct,-1,0.41889013301151706,0.41889013301151706,1161,False,False,future date t+1 trading day(s)
NIKKEI225_volume_zscore_5d_lag1,Nikkei 225,1,/content/drive/MyDrive/AURORA_TWETF/data/raw_yfinance/NIKKEI225_N225.csv,Adj Close_^N225,rolling_std_5_pct,-2,0.14679922858838157,0.14679922858838157,1181,False,False,future date t+2 trading day(s)
NIKKEI225_volume_change_5d_lag1,Nikkei 225,1,/content/drive/MyDrive/AURORA_TWETF/data/raw_yfinance/NIKKEI225_N225.csv,Adj Close_^N225,rolling_std_5_pct,-2,0.2928454602957222,0.2928454602957222,1183,False,False,future date t+2 trading day(s)
NIKKEI225_volume_zscore_20d_lag1,Nikkei 225,1,/content/drive/MyDrive/AURORA_TWETF/data/raw_yfinance/NIKKEI225_N225.csv,Adj Close_^N225,rolling_std_5_pct,-2,0.27519243069115906,0.27519243069115906,1169,False,False,future date t+2 trading day(s)
NIKKEI225_volume_change_20d_lag1,Nikkei 225,1,/content/drive/MyDrive/AURORA_TWETF/data/raw_yfinance/NIKKEI225_N225.csv,Adj Close_^N225,rolling_std_5_pct,-2,0.27618440168775665,0.27618440168775665,1168,False,False,future date t+2 trading day(s)
NIKKEI225_volume_zscore_60d_lag1,Nikkei 225,1,/content/drive/MyDrive/AURORA_TWETF/data/raw_yfinance/NIKKEI225_N225.csv,Adj Close_^N225,rolling_std_5_pct,-2,0.35476660965944845,0.35476660965944845,1130,False,False,future date t+2 trading day(s)
NIKKEI225_volume_change_60d_lag1,Nikkei 225,1,/content/drive/MyDrive/AURORA_TWETF/data/raw_yfinance/NIKKEI225_N225.csv,Adj Close_^N225,rolling_std_5_pct,-1,0.25746290573682007,0.25746290573682007,1129,False,False,future date t+1 trading day(s)
HANGSENG_volume_zscore_5d_lag1,Hang Seng,1,/content/drive/MyDrive/AURORA_TWETF/data/raw_yfinance/HANGSENG_HSI.csv,Adj Close_^HSI,rolling_std_5_pct,3,-0.1377383650125412,0.1377383650125412,1213,False,False,t-3 Taiwan trading day(s)
HANGSENG_volume_change_5d_lag1,Hang Seng,1,/content/drive/MyDrive/AURORA_TWETF/data/raw_yfinance/HANGSENG_HSI.csv,Adj Close_^HSI,rolling_std_5_pct,-1,0.22342174530411227,0.22342174530411227,1215,False,False,future date t+1 trading day(s)
HANGSENG_volume_zscore_20d_lag1,Hang Seng,1,/content/drive/MyDrive/AURORA_TWETF/data/raw_yfinance/HANGSENG_HSI.csv,Adj Close_^HSI,rolling_std_5_pct,-1,0.2649048295136398,0.2649048295136398,1201,False,False,future date t+1 trading day(s)
HANGSENG_volume_change_20d_lag1,Hang Seng,1,/content/drive/MyDrive/AURORA_TWETF/data/raw_yfinance/HANGSENG_HSI.csv,Adj Close_^HSI,rolling_std_5_pct,-1,0.3628493274085131,0.3628493274085131,1200,False,False,future date t+1 trading day(s)
HANGSENG_volume_zscore_60d_lag1,Hang Seng,1,/content/drive/MyDrive/AURORA_TWETF/data/raw_yfinance/HANGSENG_HSI.csv,Adj Close_^HSI,rolling_std_5_pct,-1,0.4120779396577136,0.4120779396577136,1161,False,False,future date t+1 trading day(s)
HANGSENG_volume_change_60d_lag1,Hang Seng,1,/content/drive/MyDrive/AURORA_TWETF/data/raw_yfinance/HANGSENG_HSI.csv,Adj Close_^HSI,rolling_std_5_pct,-1,0.49269917951763104,0.49269917951763104,1160,False,False,future date t+1 trading day(s)
KOSPI_volume_zscore_5d_lag1,KOSPI,1,/content/drive/MyDrive/AURORA_TWETF/data/raw_yfinance/KOSPI_KS11.csv,Adj Close_^KS11,logret_5,2,0.10780081113090595,0.10780081113090595,1206,False,False,t-2 Taiwan trading day(s)
KOSPI_volume_change_5d_lag1,KOSPI,1,/content/drive/MyDrive/AURORA_TWETF/data/raw_yfinance/KOSPI_KS11.csv,Adj Close_^KS11,pct_change_5,3,0.16734732789848322,0.16734732789848322,1205,False,False,t-3 Taiwan trading day(s)
KOSPI_volume_zscore_20d_lag1,KOSPI,1,/content/drive/MyDrive/AURORA_TWETF/data/raw_yfinance/KOSPI_KS11.csv,Adj Close_^KS11,pct_change_20,2,0.1791942616303664,0.1791942616303664,1192,False,False,t-2 Taiwan trading day(s)
KOSPI_volume_change_20d_lag1,KOSPI,1,/content/drive/MyDrive/AURORA_TWETF/data/raw_yfinance/KOSPI_KS11.csv,Adj Close_^KS11,pct_change_20,4,0.244236423172322,0.244236423172322,1189,False,False,t-4 Taiwan trading day(s)
KOSPI_volume_zscore_60d_lag1,KOSPI,1,/content/drive/MyDrive/AURORA_TWETF/data/raw_yfinance/KOSPI_KS11.csv,Adj Close_^KS11,pct_change_20,2,0.2680177863539387,0.2680177863539387,1154,False,False,t-2 Taiwan trading day(s)
KOSPI_volume_change_60d_lag1,KOSPI,1,/content/drive/MyDrive/AURORA_TWETF/data/raw_yfinance/KOSPI_KS11.csv,Adj Close_^KS11,rolling_std_5_pct,-1,0.46281604292857387,0.46281604292857387,1152,False,False,future date t+1 trading day(s)
TAIEX_minus_SP500_ret_lag1,TAIEX,0,/content/drive/MyDrive/AURORA_TWETF/data/raw_yfinance/TAIEX_TWII.csv,Adj Close_^TWII,pct_change_1,1,0.71100297181501,0.71100297181501,1262,False,False,t-1 Taiwan trading day(s)
TAIEX_minus_NASDAQ_ret_lag1,NASDAQ,1,/content/drive/MyDrive/AURORA_TWETF/data/raw_yfinance/NASDAQ_IXIC.csv,Adj Close_^IXIC,pct_change_1,1,-0.683297559905094,0.683297559905094,1219,False,False,t-1 Taiwan trading day(s)
SOXX_minus_TAIEX_ret_lag1,TAIEX,0,/content/drive/MyDrive/AURORA_TWETF/data/raw_yfinance/TAIEX_TWII.csv,Adj Close_^TWII,pct_change_1,0,0.46700771171870825,0.46700771171870825,1262,False,False,same calendar/trading date t
NASDAQ_minus_SP500_ret_lag1,NASDAQ,1,/content/drive/MyDrive/AURORA_TWETF/data/raw_yfinance/NASDAQ_IXIC.csv,Adj Close_^IXIC,pct_change_1,1,0.7265725384718263,0.7265725384718263,1219,False,False,t-1 Taiwan trading day(s)
KOSPI_minus_TAIEX_ret_lag1,TAIEX,0,/content/drive/MyDrive/AURORA_TWETF/data/raw_yfinance/TAIEX_TWII.csv,Adj Close_^TWII,pct_change_1,1,-0.320881097004271,0.320881097004271,1262,False,False,t-1 Taiwan trading day(s)
NIKKEI225_minus_TAIEX_ret_lag1,Nikkei 225,1,/content/drive/MyDrive/AURORA_TWETF/data/raw_yfinance/NIKKEI225_N225.csv,Adj Close_^N225,pct_change_1,1,0.4823141689266137,0.4823141689266137,1186,False,False,t-1 Taiwan trading day(s)
HANGSENG_minus_TAIEX_ret_lag1,Hang Seng,1,/content/drive/MyDrive/AURORA_TWETF/data/raw_yfinance/HANGSENG_HSI.csv,Adj Close_^HSI,pct_change_1,1,0.6561057097726477,0.6561057097726477,1219,False,False,t-1 Taiwan trading day(s)
TAIEX_minus_SP500_ret_5d_mean_lag1,TAIEX,0,/content/drive/MyDrive/AURORA_TWETF/data/raw_yfinance/TAIEX_TWII.csv,Adj Close_^TWII,pct_change_5,1,0.6162264376241116,0.6162264376241116,1258,False,False,t-1 Taiwan trading day(s)
SOXX_minus_TAIEX_ret_5d_mean_lag1,TAIEX,0,/content/drive/MyDrive/AURORA_TWETF/data/raw_yfinance/TAIEX_TWII.csv,Adj Close_^TWII,pct_change_1,0,0.3723433360530744,0.3723433360530744,1258,False,False,same calendar/trading date t
NASDAQ_minus_SP500_ret_5d_mean_lag1,NASDAQ,1,/content/drive/MyDrive/AURORA_TWETF/data/raw_yfinance/NASDAQ_IXIC.csv,Adj Close_^IXIC,pct_change_5,1,0.7286963518737218,0.7286963518737218,1215,False,False,t-1 Taiwan trading day(s)
TAIEX_minus_SP500_ret_20d_mean_lag1,TAIEX,0,/content/drive/MyDrive/AURORA_TWETF/data/raw_yfinance/TAIEX_TWII.csv,Adj Close_^TWII,pct_change_20,1,0.6362228234575932,0.6362228234575932,1243,False,False,t-1 Taiwan trading day(s)
SOXX_minus_TAIEX_ret_20d_mean_lag1,TAIEX,0,/content/drive/MyDrive/AURORA_TWETF/data/raw_yfinance/TAIEX_TWII.csv,Adj Close_^TWII,rolling_mean_20_pct,-1,0.3788348933401989,0.3788348933401989,1243,False,False,future date t+1 trading day(s)
NASDAQ_minus_SP500_ret_20d_mean_lag1,NASDAQ,1,/content/drive/MyDrive/AURORA_TWETF/data/raw_yfinance/NASDAQ_IXIC.csv,Adj Close_^IXIC,pct_change_20,1,0.7446903556666862,0.7446903556666862,1200,False,False,t-1 Taiwan trading day(s)
