date,strategy_name,optimization_status,risk_aversion,expected_class,p_bearish,p_bullish,normalized_entropy,confidence_score,ordinal_variance,risk_aversion_mode
2024-11-27,MC_20D_ONLY_DYNAMIC,optimized,36.39514140792437,2.1366424811304103,0.25786223723864343,0.41970461428082095,0.8495158665260601,0.15048413347393985,0.9939338269524924,dynamic
2024-11-28,MC_20D_ONLY_DYNAMIC,optimized,37.84612650698415,2.229294928377986,0.2703971581217286,0.48826256700927095,0.8975273337819831,0.10247266621801687,1.2154993280026494,dynamic
2024-11-29,MC_20D_ONLY_DYNAMIC,optimized,37.849260140405995,2.1486562366211044,0.2904019831416074,0.461577728628624,0.881648819102954,0.118351180897046,1.1694236945974064,dynamic
2024-12-02,MC_20D_ONLY_DYNAMIC,optimized,38.49216185515698,2.1156420284551727,0.2997977684696821,0.4438756356978999,0.8998482594305337,0.1001517405694663,1.2217981820972934,dynamic
2024-12-03,MC_20D_ONLY_DYNAMIC,optimized,37.151775349523916,2.008810263867695,0.29814845313673854,0.3715763637912616,0.8475522514715658,0.15244774852843423,1.006046663209096,dynamic
2024-12-04,MC_20D_ONLY_DYNAMIC,optimized,36.75629940503396,1.9549852947087285,0.30227815040317263,0.33198181918576125,0.82842945587882,0.17157054412118,0.9355399814048115,dynamic
2024-12-05,MC_20D_ONLY_DYNAMIC,optimized,36.91787429224081,1.9482275616410936,0.3009861017765898,0.3218597958321258,0.8359260902683605,0.1640739097316395,0.9425132608811704,dynamic
2024-12-06,MC_20D_ONLY_DYNAMIC,optimized,36.79628424216891,1.9651337496767558,0.3120082302935219,0.33170513428721843,0.8222447854519388,0.1777552145480612,0.8955696744869086,dynamic
2024-12-09,MC_20D_ONLY_DYNAMIC,optimized,36.91272823132986,1.9550994277196165,0.32772465713244303,0.317952825032749,0.8143294035472399,0.18567059645276007,0.8552393428761365,dynamic
2024-12-10,MC_20D_ONLY_DYNAMIC,optimized,36.46960126879299,2.001720713275477,0.30685501987742064,0.3299433281268835,0.8133000348497833,0.1866999651502167,0.8423610844494025,dynamic
2024-12-11,MC_20D_ONLY_DYNAMIC,optimized,35.68626639462024,1.9917776602261967,0.2928370885209341,0.3126029913363242,0.7931809849680623,0.20681901503193767,0.7846423584614537,dynamic
2024-12-12,MC_20D_ONLY_DYNAMIC,optimized,35.85999825752188,2.0137426884084433,0.2797248767213863,0.32480772001006253,0.8106200289237662,0.18937997107623383,0.8294967022043824,dynamic
2024-12-13,MC_20D_ONLY_DYNAMIC,optimized,35.478957496422126,1.9901711146466055,0.277892164890393,0.31478845183937826,0.7968445679445706,0.2031554320554294,0.808289458109154,dynamic
2024-12-16,MC_20D_ONLY_DYNAMIC,optimized,35.4991378635262,1.9893826402941197,0.2900846937699919,0.30666998199533424,0.7878977595250546,0.2121022404749454,0.7684273948402782,dynamic
2024-12-17,MC_20D_ONLY_DYNAMIC,optimized,35.46195517455382,1.9863389421094193,0.2850943098406542,0.3026683469625646,0.7904027591096294,0.20959724089037057,0.7729008758659175,dynamic
2024-12-18,MC_20D_ONLY_DYNAMIC,optimized,34.482005393750896,2.00625488424462,0.2658202731660459,0.30873659005747367,0.7666239972171992,0.2333760027828008,0.729918340189136,dynamic
2024-12-19,MC_20D_ONLY_DYNAMIC,optimized,35.60500092729206,2.0624173317657704,0.2782155090770472,0.38297535455751497,0.8016276298300447,0.19837237016995535,0.8679473418207744,dynamic
2024-12-20,MC_20D_ONLY_DYNAMIC,optimized,36.21924061195094,2.0491205557482557,0.2752360660311144,0.3892660719569454,0.828580771653146,0.17141922834685397,0.9702238503416982,dynamic
2024-12-23,MC_20D_ONLY_DYNAMIC,optimized,35.06359382439219,2.134796005696509,0.24475828281575285,0.4267146904494732,0.8067371267230854,0.1932628732769146,0.9151617783820747,dynamic
2024-12-24,MC_20D_ONLY_DYNAMIC,optimized,36.32600324722291,2.064179219364224,0.2838831079291456,0.4018322178109714,0.8259336435456,0.17406635645440005,0.9622406903969942,dynamic
2024-12-25,MC_20D_ONLY_DYNAMIC,optimized,36.19917649599304,2.0382798406640408,0.27957656155044636,0.3616890142807548,0.8243058105993647,0.1756941894006353,0.9021614034317569,dynamic
2024-12-26,MC_20D_ONLY_DYNAMIC,optimized,35.40962729363006,2.010695428486452,0.2802014439567658,0.3413054529956594,0.7922239365797898,0.20777606342021016,0.8236735561190045,dynamic
2024-12-27,MC_20D_ONLY_DYNAMIC,optimized,35.20958625174587,2.0083974733745324,0.28319668727315506,0.33262665517465756,0.7818261002513107,0.21817389974868928,0.78586094829849,dynamic
2024-12-30,MC_20D_ONLY_DYNAMIC,optimized,36.068208400073786,1.9970909185590515,0.3040689763105819,0.34799833331001484,0.7994731549544859,0.2005268450455141,0.850438232626523,dynamic
2024-12-31,MC_20D_ONLY_DYNAMIC,optimized,36.02855311964726,2.0203541963359375,0.2976375677916334,0.3583155197432228,0.8030320705525839,0.19696792944741615,0.8558716086336222,dynamic
2025-01-02,MC_20D_ONLY_DYNAMIC,optimized,35.64007767103084,2.064885529088276,0.2853692905112692,0.39401118825688564,0.7973076744322182,0.20269232556778183,0.8772460676249132,dynamic
2025-01-03,MC_20D_ONLY_DYNAMIC,optimized,34.05626130966308,2.189915882044045,0.23431990133253344,0.4562868134336385,0.7747945313204964,0.22520546867950364,0.8438569719627091,dynamic
2025-01-06,MC_20D_ONLY_DYNAMIC,optimized,34.25901154030691,2.151362803561964,0.2444127217350338,0.42892758794450014,0.7748302842242492,0.22516971577575084,0.8248084989417688,dynamic
2025-01-07,MC_20D_ONLY_DYNAMIC,optimized,35.66895108349957,2.016059444031988,0.27385956213408186,0.34860996649967746,0.8076703936327174,0.19232960636728258,0.8723033334509669,dynamic
2025-01-08,MC_20D_ONLY_DYNAMIC,optimized,34.50247148778068,2.056898542287109,0.25589286896606334,0.3525822763054813,0.7753845643383765,0.22461543566162345,0.7761413964749453,dynamic
2025-01-09,MC_20D_ONLY_DYNAMIC,optimized,34.214889046587295,2.0673952163388196,0.24166810916731482,0.36030632989095457,0.77526107452964,0.22473892547036,0.7956234231758765,dynamic
2025-01-10,MC_20D_ONLY_DYNAMIC,optimized,34.31055046643027,2.087055987208425,0.23584187445017044,0.37380826342814033,0.7837485190970747,0.21625148090292534,0.8211654547932792,dynamic
2025-01-13,MC_20D_ONLY_DYNAMIC,optimized,34.71769053483696,2.125383700210787,0.23733321305734206,0.41407397075914293,0.7988410509476048,0.20115894905239518,0.889488798544865,dynamic
2025-01-14,MC_20D_ONLY_DYNAMIC,optimized,35.2684556206964,2.1334377079093616,0.2274144546011358,0.4376682114138907,0.8288066611469475,0.17119333885305255,1.0633754786100535,dynamic
2025-01-15,MC_20D_ONLY_DYNAMIC,optimized,36.05066597120689,2.162599884170408,0.23381288282790058,0.4559768386579749,0.854976332585955,0.14502366741404504,1.130827447547743,dynamic
2025-01-16,MC_20D_ONLY_DYNAMIC,optimized,36.500218834395724,2.2013044246484146,0.24795805306390656,0.47662858004519765,0.8616423109247037,0.13835768907529633,1.1062820982811985,dynamic
2025-01-17,MC_20D_ONLY_DYNAMIC,optimized,34.61800536770116,2.211697400179091,0.24218815598143498,0.4958570549201705,0.7909696899228985,0.2090303100771015,0.9525838187297104,dynamic
2025-01-20,MC_20D_ONLY_DYNAMIC,optimized,35.245428269513866,2.09521085446916,0.2569933788911452,0.4061064151070247,0.8042224276676384,0.1957775723323616,0.9044309345448935,dynamic
2025-01-21,MC_20D_ONLY_DYNAMIC,optimized,36.30251724065125,2.003920567437931,0.3075515059350374,0.3592787834074032,0.8060594848780199,0.19394051512198007,0.878010597207961,dynamic
2025-01-22,MC_20D_ONLY_DYNAMIC,optimized,35.776203264274855,2.0585329143529054,0.2712544487347137,0.36472110400421887,0.8140445715832232,0.1859554284167768,0.8664884060296103,dynamic
2025-02-03,MC_20D_ONLY_DYNAMIC,optimized,35.930596560051846,1.952243950047372,0.2903794235807998,0.3108197032286367,0.8049203235374341,0.19507967646256585,0.8544494623784984,dynamic
2025-02-04,MC_20D_ONLY_DYNAMIC,optimized,34.97355147841493,2.2346959435838656,0.2137517337934547,0.4957069362480159,0.8279406721018334,0.17205932789816658,1.0631670590800528,dynamic
2025-02-05,MC_20D_ONLY_DYNAMIC,optimized,36.27696845144146,2.1408762174852956,0.2407838114339494,0.43765741733976077,0.8584516889104992,0.14154831108950083,1.105309877302843,dynamic
2025-02-06,MC_20D_ONLY_DYNAMIC,optimized,36.068548044319236,2.0969057537836275,0.25207865284076586,0.43251913690928356,0.8410789995001566,0.15892100049984337,1.1002209172847053,dynamic
2025-02-07,MC_20D_ONLY_DYNAMIC,optimized,34.97541799742411,2.159793577760613,0.2340586467025314,0.4414037260633316,0.8117698025349392,0.18823019746506076,0.9416599919487023,dynamic
2025-02-10,MC_20D_ONLY_DYNAMIC,optimized,34.94336575858717,2.1423536321464614,0.23495199757017704,0.4358880632130429,0.8097730322873453,0.19022696771265468,0.9534395384989605,dynamic
2025-02-11,MC_20D_ONLY_DYNAMIC,optimized,35.49904712457749,2.086373066246608,0.2527804873203753,0.38583106741819123,0.817737495126799,0.18226250487320095,0.9047059364437686,dynamic
2025-02-12,MC_20D_ONLY_DYNAMIC,optimized,35.61288415084983,2.098573466212151,0.2599544033617149,0.40478934211712053,0.8165518433446213,0.18344815665537872,0.920242107860485,dynamic
2025-02-13,MC_20D_ONLY_DYNAMIC,optimized,35.82709636614156,2.157900933402843,0.25660323431970244,0.46107558402876336,0.8278012671899004,0.17219873281009956,1.015655006698477,dynamic
2025-02-14,MC_20D_ONLY_DYNAMIC,optimized,35.94277051844274,2.1411015508300992,0.27223015489484426,0.4543163977333196,0.8199266968218345,0.1800733031781655,0.9869733531075466,dynamic
2025-02-17,MC_20D_ONLY_DYNAMIC,optimized,35.951304109411254,2.210720778329547,0.24245549431006658,0.452896332210897,0.844087768928397,0.155912231071603,0.9748593140154629,dynamic
2025-02-18,MC_20D_ONLY_DYNAMIC,optimized,36.8280481112324,2.0671265667704826,0.30198919026372834,0.38646535226806156,0.8315305722383132,0.16846942776168683,0.9296786816369567,dynamic
2025-02-19,MC_20D_ONLY_DYNAMIC,optimized,36.07553084703481,2.0448162015538376,0.2928925924507959,0.3694877253429472,0.8087071599207558,0.1912928400792442,0.8663259463026751,dynamic
2025-02-20,MC_20D_ONLY_DYNAMIC,optimized,35.447452210766876,2.043208299436472,0.27550283803161574,0.3446115518257263,0.7974958180053826,0.2025041819946174,0.806657425159754,dynamic
2025-02-21,MC_20D_ONLY_DYNAMIC,optimized,35.23822269463405,2.0526985252208503,0.27190113305624575,0.3474015123777028,0.7920080013403654,0.20799199865963458,0.7927470383105044,dynamic
2025-02-24,MC_20D_ONLY_DYNAMIC,optimized,35.911986312612704,2.0554610455237166,0.2743526236181793,0.3590744056381102,0.8169973536099647,0.18300264639003527,0.86404266309252,dynamic
2025-02-25,MC_20D_ONLY_DYNAMIC,optimized,37.22828827690932,2.163900735165238,0.2744573814062763,0.386431759890182,0.8695656259513516,0.13043437404864844,0.9993360562305291,dynamic
2025-02-26,MC_20D_ONLY_DYNAMIC,optimized,35.75706912264519,2.159366946798111,0.25041454077331793,0.43231419221354045,0.8299511322871534,0.17004886771284655,0.9445404311284342,dynamic
2025-02-27,MC_20D_ONLY_DYNAMIC,optimized,35.491862380593325,2.200172778394976,0.2559595776457229,0.4809002673218514,0.8149068331071546,0.18509316689284538,0.9728947591377084,dynamic
2025-03-03,MC_20D_ONLY_DYNAMIC,optimized,37.81483622558496,2.112869195734751,0.28715994110561416,0.4391194041587457,0.882865496138907,0.11713450386109303,1.1592304850965913,dynamic
2025-03-04,MC_20D_ONLY_DYNAMIC,optimized,38.69639862289627,2.123365095615907,0.2921453111723781,0.44099411214839424,0.9141396959779483,0.08586030402205169,1.2694628113874096,dynamic
2025-03-05,MC_20D_ONLY_DYNAMIC,optimized,37.80860041080199,2.164211762676243,0.28448925513892886,0.47225024280104116,0.8847526123209366,0.1152473876790634,1.196232507558582,dynamic
2025-03-06,MC_20D_ONLY_DYNAMIC,optimized,37.72035004316645,2.1817200545942828,0.28369773089265315,0.47061633983911144,0.8818558170125352,0.11814418298746476,1.1576160191614537,dynamic
2025-03-07,MC_20D_ONLY_DYNAMIC,optimized,38.509993420738056,2.1343103991155346,0.297032599564107,0.4515888192502973,0.9027736571782367,0.09722634282176335,1.2334935039903678,dynamic
2025-03-10,MC_20D_ONLY_DYNAMIC,optimized,38.87882278240756,2.159534734859249,0.29806595164567223,0.46955410133888165,0.9167001499797647,0.08329985002023532,1.3167848310581602,dynamic
2025-03-11,MC_20D_ONLY_DYNAMIC,optimized,39.834421365590025,2.0866457016224356,0.3271516735525791,0.44953573784510426,0.9316555157815378,0.06834448421846218,1.40582137877134,dynamic
2025-03-12,MC_20D_ONLY_DYNAMIC,optimized,39.96585190555092,2.1287835349237745,0.3366620752090903,0.4727182733759037,0.9293044160547645,0.07069558394523545,1.4274854577124003,dynamic
2025-03-13,MC_20D_ONLY_DYNAMIC,optimized,40.310087668658866,2.1216859495773916,0.3435944375273646,0.4811780131315089,0.9375279567244628,0.06247204327553724,1.518446999136998,dynamic
2025-03-14,MC_20D_ONLY_DYNAMIC,optimized,40.56728416575203,2.061686351486836,0.3596953553942981,0.4451575401882694,0.9349350823146427,0.06506491768535727,1.4389057687102662,dynamic
2025-03-17,MC_20D_ONLY_DYNAMIC,optimized,40.74876326258894,2.107328726188573,0.3504673223906112,0.46231518869495564,0.9495766725910683,0.05042332740893174,1.5265331700558527,dynamic
2025-03-18,MC_20D_ONLY_DYNAMIC,optimized,39.92389918934411,2.0939040422289388,0.3334543610773433,0.4708824652528848,0.93019247871189,0.06980752128810996,1.4753901309821051,dynamic
2025-03-19,MC_20D_ONLY_DYNAMIC,optimized,39.43417385778193,2.0469614978589137,0.32438274016549057,0.4492910125102172,0.9178607621788847,0.08213923782111532,1.4199583662838622,dynamic
2025-03-20,MC_20D_ONLY_DYNAMIC,optimized,40.36703677092616,2.0850600452678054,0.3370338673121581,0.450838142147186,0.9450543769873198,0.054945623012680245,1.4797342071984936,dynamic
2025-03-21,MC_20D_ONLY_DYNAMIC,optimized,40.5845288504764,1.9669031491365707,0.3514810533520437,0.4224516465261722,0.9421963113374213,0.05780368866257868,1.5671752588943209,dynamic
2025-03-24,MC_20D_ONLY_DYNAMIC,optimized,39.73993379716616,2.041307271737437,0.321993051709621,0.44556209048467815,0.9320029105189496,0.06799708948105043,1.5041706829564854,dynamic
2025-03-25,MC_20D_ONLY_DYNAMIC,optimized,40.229880138259624,2.132908134365801,0.3349121396473408,0.5000993622551037,0.9412654938125122,0.05873450618748777,1.6270055517679332,dynamic
2025-03-26,MC_20D_ONLY_DYNAMIC,optimized,39.37546570954168,2.0675123267122983,0.3145589663021917,0.4499391219329877,0.9233714553399138,0.07662854466008617,1.4235676995705697,dynamic
2025-03-27,MC_20D_ONLY_DYNAMIC,optimized,39.51126330149239,1.9892423432775617,0.3296419776792302,0.42803369338488806,0.9167369499163114,0.08326305008368862,1.4486434599946865,dynamic
2025-03-28,MC_20D_ONLY_DYNAMIC,optimized,40.02011450349968,2.058532228926063,0.3197127838171844,0.45538566803687386,0.9450343530862395,0.05496564691376049,1.621858989442197,dynamic
2025-03-31,MC_20D_ONLY_DYNAMIC,optimized,40.44757318055284,2.082344306326555,0.3279820592900644,0.4481159399593233,0.9555172797900623,0.04448272020993771,1.5516857803937096,dynamic
2025-04-01,MC_20D_ONLY_DYNAMIC,optimized,39.759795746402496,2.2591374223602996,0.2848318270410217,0.4702084156587526,0.9625263682232825,0.037473631776717475,1.4973946418383326,dynamic
2025-04-02,MC_20D_ONLY_DYNAMIC,optimized,39.83821252663757,2.217255129824445,0.2846028884052436,0.4705142183601245,0.9658461903413079,0.03415380965869208,1.5735182535220646,dynamic
2025-04-07,MC_20D_ONLY_DYNAMIC,optimized,39.37461948973714,2.2360782739240928,0.27652943019694437,0.4830263742644465,0.9537612354319304,0.046238764568069635,1.4972642466242254,dynamic
2025-04-08,MC_20D_ONLY_DYNAMIC,optimized,34.48430262755368,2.9296738675603433,0.1620938770943874,0.6666541805998107,0.8496970034266373,0.15030299657336266,1.530322951487289,dynamic
2025-04-09,MC_20D_ONLY_DYNAMIC,optimized,35.0021699592314,2.8929949189837463,0.17417361618395893,0.6567327764485784,0.8607479054220889,0.1392520945779111,1.5347686469149782,dynamic
2025-04-10,MC_20D_ONLY_DYNAMIC,optimized,34.16781604049481,2.9515633321319044,0.1599597382700204,0.6692837636239997,0.8387448510037762,0.16125514899622384,1.4802976603688123,dynamic
2025-04-11,MC_20D_ONLY_DYNAMIC,optimized,30.812780237087665,3.05506677210837,0.06785529878022055,0.7636243991753582,0.7782269704593302,0.2217730295406698,1.108123452145625,dynamic
2025-04-14,MC_20D_ONLY_DYNAMIC,optimized,30.405945276936208,3.0158100980292377,0.04867239767220288,0.7250581940604275,0.777299892939686,0.22270010706031396,0.9435066023826,dynamic
2025-04-15,MC_20D_ONLY_DYNAMIC,optimized,29.65480308043526,3.054512754318034,0.041093461281287276,0.7621893647808294,0.7533173541923807,0.24668264580761934,0.8426086691922983,dynamic
2025-04-16,MC_20D_ONLY_DYNAMIC,optimized,30.664269442412643,2.922289756756279,0.05891030034167649,0.7285479003358775,0.7794425374231645,0.2205574625768355,0.9351824320188786,dynamic
2025-04-17,MC_20D_ONLY_DYNAMIC,optimized,30.78781525975878,3.023799824430089,0.06103402823098755,0.7541875345272175,0.7826853878055613,0.2173146121944387,0.9344188750019207,dynamic
2025-04-18,MC_20D_ONLY_DYNAMIC,optimized,30.915483799296513,2.9923489167749326,0.06251181682457635,0.7454145807029994,0.7866098985121994,0.21339010148780058,0.9271130722425127,dynamic
2025-04-21,MC_20D_ONLY_DYNAMIC,optimized,30.984579073998447,3.0093631354577637,0.06797892596744232,0.7618818918706689,0.7850000221859841,0.21499997781401592,1.00514538621551,dynamic
2025-04-22,MC_20D_ONLY_DYNAMIC,optimized,32.70592033878773,2.856415485957151,0.10249894746213063,0.7216712045165842,0.8262376555818045,0.1737623444181955,1.2340179041951167,dynamic
2025-04-23,MC_20D_ONLY_DYNAMIC,optimized,30.92660616773738,3.0023229173077874,0.06294898344124908,0.7486314184719028,0.7867050599564958,0.21329494004350424,0.9597067547232392,dynamic
2025-04-24,MC_20D_ONLY_DYNAMIC,optimized,34.04137001536671,2.7326499687678854,0.131776259966061,0.6861642560707926,0.8562337926418194,0.14376620735818058,1.2811643225452531,dynamic
2025-04-25,MC_20D_ONLY_DYNAMIC,optimized,31.423000731439533,2.8644987537213864,0.0756284498721119,0.7154350902178184,0.7964172693598919,0.20358273064010812,0.9190478904726351,dynamic
2025-04-28,MC_20D_ONLY_DYNAMIC,optimized,32.662890176210766,2.7487694066511486,0.10311878401273789,0.6864127217926037,0.8240205798382404,0.1759794201617596,1.104771449045705,dynamic
2025-04-29,MC_20D_ONLY_DYNAMIC,optimized,31.83149817925162,2.719846556807012,0.0926720432288905,0.6714439776379957,0.7991222925869523,0.20087770741304767,0.9227867504637439,dynamic
2025-04-30,MC_20D_ONLY_DYNAMIC,optimized,32.876099625821375,2.675887180913256,0.11726543508860814,0.6621633726725795,0.8212316369619685,0.17876836303803145,0.9960088264361362,dynamic
2025-05-02,MC_20D_ONLY_DYNAMIC,optimized,32.19650268093794,2.6202411187742296,0.11344350842369783,0.6376358988305988,0.7971053004985593,0.20289469950144068,0.8905977438079624,dynamic
2025-05-05,MC_20D_ONLY_DYNAMIC,optimized,34.31479248344643,2.322625988158794,0.185135576697608,0.513089500880432,0.824483237979771,0.17551676202022903,0.9827858322968117,dynamic
2025-05-06,MC_20D_ONLY_DYNAMIC,optimized,33.556963725713615,2.5409530548157493,0.12483279272862463,0.5558879261537393,0.8424123148456449,0.15758768515435506,0.9676122895783159,dynamic
2025-05-07,MC_20D_ONLY_DYNAMIC,optimized,35.04093422160659,2.3717014131416847,0.1677074008436389,0.44719839003592987,0.8674714481893528,0.13252855181064715,1.0107333544898873,dynamic
2025-05-08,MC_20D_ONLY_DYNAMIC,optimized,34.60081636536834,2.378201211591172,0.14951210498071682,0.4672743040294969,0.8644229706301602,0.13557702936983984,1.0989974533414628,dynamic
2025-05-09,MC_20D_ONLY_DYNAMIC,optimized,34.03535795712933,2.2087981664745993,0.17042108956275845,0.41412762336321735,0.8250774466349663,0.1749225533650337,1.0392426979620373,dynamic
2025-05-12,MC_20D_ONLY_DYNAMIC,optimized,33.31628415505002,2.043114086740777,0.19744862283475578,0.3363982665642604,0.7746924679341963,0.22530753206580367,0.9262644571570959,dynamic
2025-05-13,MC_20D_ONLY_DYNAMIC,optimized,35.02481014664429,2.0935765454340536,0.20620665912133374,0.3455040807862665,0.8360270785687047,0.16397292143129527,1.0058947529542994,dynamic
2025-05-14,MC_20D_ONLY_DYNAMIC,optimized,35.766708132229574,2.127939836394838,0.2056828675993715,0.36433482641739434,0.8661220312096858,0.13387796879031422,1.1498417527386877,dynamic
2025-05-15,MC_20D_ONLY_DYNAMIC,optimized,35.13310118400697,1.9631716988417398,0.24002574394782827,0.282164463388092,0.813303452202016,0.18669654779798395,0.926588258090927,dynamic
2025-05-16,MC_20D_ONLY_DYNAMIC,optimized,35.02864587789114,1.9765231335240354,0.2452506759378611,0.2742371706614787,0.8049452943653568,0.19505470563464322,0.840700200437821,dynamic
2025-05-19,MC_20D_ONLY_DYNAMIC,optimized,33.902260717473666,1.964699169673128,0.23041883523824958,0.2709282839584588,0.7717553605083469,0.22824463949165308,0.8009046065937913,dynamic
2025-05-20,MC_20D_ONLY_DYNAMIC,optimized,32.890976733539304,2.068414584517981,0.19924053293383906,0.2996825048438518,0.756246642994501,0.24375335700549905,0.7110958057844075,dynamic
2025-05-21,MC_20D_ONLY_DYNAMIC,optimized,34.39058782296377,2.2173621972465978,0.18713069382387668,0.350647294660405,0.8259189578594494,0.17408104214055065,0.8687882319865601,dynamic
2025-05-22,MC_20D_ONLY_DYNAMIC,optimized,34.04499732576247,2.0426862524289837,0.22870850783344276,0.2781513527837354,0.7788330867637446,0.22116691323625537,0.731091968617064,dynamic
2025-05-23,MC_20D_ONLY_DYNAMIC,optimized,34.45846116898808,2.047645143428938,0.2258101780387691,0.2868549208164339,0.7976903043285078,0.20230969567149215,0.7904059338580645,dynamic
2025-05-26,MC_20D_ONLY_DYNAMIC,optimized,33.3186565293559,2.0591603763009116,0.21145509321578582,0.2854711646982129,0.7635821866016071,0.23641781339839285,0.703852253214281,dynamic
2025-05-27,MC_20D_ONLY_DYNAMIC,optimized,35.357242390436056,2.2136621417535562,0.20776438884181156,0.3510282285038684,0.8480781845439932,0.1519218154560068,0.9374042222918941,dynamic
2025-05-28,MC_20D_ONLY_DYNAMIC,optimized,34.97955624635152,2.1743442772348534,0.21387470955610643,0.32876716032216513,0.8280824822091755,0.17191751779082454,0.8710661428256463,dynamic
2025-05-29,MC_20D_ONLY_DYNAMIC,optimized,34.23407002698982,2.139024715307497,0.20867369876085634,0.3194906974134817,0.8024238420709077,0.19757615792909233,0.7882624804998573,dynamic
2025-06-02,MC_20D_ONLY_DYNAMIC,optimized,33.66891351273011,2.0917331612435914,0.21158850868220253,0.2915313124414218,0.7774857335634424,0.22251426643655758,0.7266157012590089,dynamic
2025-06-03,MC_20D_ONLY_DYNAMIC,optimized,34.19139475869472,2.3485016633653153,0.16250981619351088,0.392165586881653,0.8376479373929802,0.16235206260701984,0.9345111243453808,dynamic
2025-06-04,MC_20D_ONLY_DYNAMIC,optimized,35.36561935800397,2.0464916702245013,0.23607430662519363,0.28653389102464893,0.8257653290200038,0.17423467097999623,0.872593136004471,dynamic
2025-06-05,MC_20D_ONLY_DYNAMIC,optimized,33.154313546399045,2.0120161425749177,0.2377588543268962,0.262993499839695,0.7359654583944448,0.2640345416055552,0.6311952357692272,dynamic
2025-06-06,MC_20D_ONLY_DYNAMIC,optimized,31.72170881464008,2.0934486043842324,0.1946121012839544,0.2888434720354107,0.7131786715584397,0.2868213284415603,0.5853215161308736,dynamic
2025-06-09,MC_20D_ONLY_DYNAMIC,optimized,33.16441009698034,1.9804846223493435,0.2312659981152471,0.2429942437535873,0.7415636053870158,0.2584363946129842,0.6591885004431965,dynamic
2025-06-10,MC_20D_ONLY_DYNAMIC,optimized,34.66392840813695,1.9320216701356459,0.2708706691204859,0.23953478628812278,0.7698606010290893,0.23013939897091074,0.7134079120843397,dynamic
2025-06-11,MC_20D_ONLY_DYNAMIC,optimized,33.42105093908223,1.9740922637113711,0.25332635220122995,0.241245702376241,0.7341809558023052,0.26581904419769475,0.6252612099779671,dynamic
2025-06-12,MC_20D_ONLY_DYNAMIC,optimized,33.594717481247976,1.9887037615190941,0.23904952238793448,0.24939764217022445,0.7525490813395714,0.24745091866042856,0.6727171838448287,dynamic
2025-06-13,MC_20D_ONLY_DYNAMIC,optimized,31.78631708229564,2.0688887682128367,0.19640048303306978,0.2678410519385831,0.7143322968653699,0.2856677031346301,0.5893654038459113,dynamic
2025-06-16,MC_20D_ONLY_DYNAMIC,optimized,31.445019724044872,2.1860376572347184,0.16063891362271326,0.3236943200699135,0.7292896580636242,0.2707103419363758,0.6178950772235066,dynamic
2025-06-17,MC_20D_ONLY_DYNAMIC,optimized,32.18257813251077,2.07969772612591,0.20063722340240747,0.2783378955286823,0.7267933465785048,0.2732066534214952,0.6115221881451927,dynamic
2025-06-18,MC_20D_ONLY_DYNAMIC,optimized,32.30451688337511,2.0963057873180295,0.19696899740225673,0.2834278411614388,0.7346054774131989,0.2653945225868011,0.6272211725462595,dynamic
2025-06-19,MC_20D_ONLY_DYNAMIC,optimized,32.86569517818631,2.0026804732159893,0.22263353052536367,0.2614989113221077,0.7365209827071614,0.2634790172928386,0.6561469055487015,dynamic
2025-06-20,MC_20D_ONLY_DYNAMIC,optimized,33.3473563427463,2.0714986057005156,0.1960045485783588,0.2764586453376999,0.7770906148471651,0.22290938515283487,0.7649002659613089,dynamic
2025-06-23,MC_20D_ONLY_DYNAMIC,optimized,31.709765744389866,2.0824138820124976,0.18250795696033173,0.2801551208387362,0.7223842642073294,0.2776157357926706,0.6221161338561059,dynamic
2025-06-24,MC_20D_ONLY_DYNAMIC,optimized,31.78224140788999,2.114726015154971,0.17749979333868934,0.2820454219802017,0.7292898216446483,0.2707101783553517,0.6254397372964551,dynamic
2025-06-25,MC_20D_ONLY_DYNAMIC,optimized,34.45399648093884,1.9566741580793285,0.24006737308755932,0.24293803389427715,0.7861059607675062,0.21389403923249384,0.7931961255768956,dynamic
2025-06-26,MC_20D_ONLY_DYNAMIC,optimized,32.46806704226436,1.9929634063373587,0.2236728431412782,0.23388503553274553,0.7197844071775518,0.28021559282244823,0.604551466237599,dynamic
2025-06-27,MC_20D_ONLY_DYNAMIC,optimized,33.96693073785582,1.9247086743134656,0.2606232500669259,0.21946538686546263,0.750178629460692,0.24982137053930797,0.671463680588793,dynamic
2025-06-30,MC_20D_ONLY_DYNAMIC,optimized,35.13327118793852,2.0198681573483808,0.24160524519103607,0.25679950058184636,0.8120466513647119,0.18795334863528812,0.8413894260230901,dynamic
2025-07-01,MC_20D_ONLY_DYNAMIC,optimized,34.00568281996112,1.993724464086133,0.23485376169448482,0.25715746526230504,0.7723443034428571,0.2276556965571429,0.7300786764943634,dynamic
2025-07-02,MC_20D_ONLY_DYNAMIC,optimized,35.189941479202275,2.0326046928526313,0.2505951733835345,0.26228950491360187,0.8071215204612634,0.1928784795387366,0.8117423856497954,dynamic
2025-07-03,MC_20D_ONLY_DYNAMIC,optimized,34.08275964212197,2.0351831072189603,0.2158778502305936,0.27809415996436165,0.7906081055004041,0.20939189449959594,0.7971378191751226,dynamic
2025-07-04,MC_20D_ONLY_DYNAMIC,optimized,33.50194636851092,2.025022508734295,0.20651883732441795,0.26836071420592417,0.7748627848809027,0.22513721511909734,0.7780180725168666,dynamic
2025-07-07,MC_20D_ONLY_DYNAMIC,optimized,32.365543102406455,2.1996190697077274,0.15820103468726462,0.32637501132605296,0.7680608963464465,0.23193910365355352,0.7246526669230322,dynamic
2025-07-08,MC_20D_ONLY_DYNAMIC,optimized,30.701979355520784,2.3449432069845884,0.10677363911288865,0.38005336401787604,0.7426602629305205,0.25733973706947955,0.6708435102275088,dynamic
2025-07-09,MC_20D_ONLY_DYNAMIC,optimized,30.43966527440989,2.366650685210863,0.09680077584687313,0.3972065250149469,0.7401459902988969,0.25985400970110306,0.6706671364817272,dynamic
2025-07-10,MC_20D_ONLY_DYNAMIC,optimized,30.561845935173537,2.31201275416181,0.10618669813760304,0.37678894663326756,0.7375244788968591,0.2624755211031409,0.6749535751470415,dynamic
2025-07-11,MC_20D_ONLY_DYNAMIC,optimized,31.855168700933838,2.0853333661007083,0.17881108921820876,0.28303778480867037,0.7311578766627864,0.2688421233372136,0.6511421499767511,dynamic
2025-07-14,MC_20D_ONLY_DYNAMIC,optimized,31.888238033512746,2.084955391034163,0.17917769547598011,0.28783358175126306,0.7321873649597257,0.2678126350402743,0.6579610341191664,dynamic
2025-07-15,MC_20D_ONLY_DYNAMIC,optimized,32.71476516021543,2.0715604319937633,0.18941711234256844,0.28780690499130485,0.7570569165345625,0.24294308346543747,0.7205054526417936,dynamic
2025-07-16,MC_20D_ONLY_DYNAMIC,optimized,32.343846406078534,2.0933683111120693,0.18091709301786016,0.29830925091025895,0.7490201818288533,0.2509798181711467,0.6997122873432513,dynamic
2025-07-17,MC_20D_ONLY_DYNAMIC,optimized,32.24482716196726,2.124713947246447,0.17200367566414396,0.32034579648548417,0.7521901459473753,0.24780985405262468,0.7136699188850475,dynamic
2025-07-18,MC_20D_ONLY_DYNAMIC,optimized,31.88950717233412,2.1082190707967534,0.17244780707592386,0.30184998110410155,0.7376220412326256,0.26237795876737435,0.6727021936816238,dynamic
2025-07-21,MC_20D_ONLY_DYNAMIC,optimized,30.811524392485477,2.174886034922401,0.1473573689540304,0.33109825532515474,0.7145750805361948,0.2854249194638052,0.6154872778204803,dynamic
2025-07-22,MC_20D_ONLY_DYNAMIC,optimized,31.036178362460873,2.1783286328550453,0.14777016572456841,0.33332523791695656,0.7232310019187802,0.2767689980812198,0.6348157164653472,dynamic
2025-07-23,MC_20D_ONLY_DYNAMIC,optimized,31.034393361441182,2.188790938258146,0.14596189880000512,0.3342789060532458,0.7246062154176431,0.27539378458235686,0.6305306274278317,dynamic
2025-07-24,MC_20D_ONLY_DYNAMIC,optimized,30.772020569178785,2.1822675123327615,0.14641707333386125,0.32501938636117056,0.7137471641000624,0.28625283589993755,0.6011234968861947,dynamic
2025-07-25,MC_20D_ONLY_DYNAMIC,optimized,31.43891833893268,2.1430717573408877,0.16462699474351267,0.3142062231796245,0.7258551377624971,0.2741448622375029,0.6281822388366081,dynamic
2025-07-28,MC_20D_ONLY_DYNAMIC,optimized,31.63201362080129,2.107081754182156,0.17693919770899683,0.29015354537312155,0.7237291866648541,0.2762708133351459,0.6185780235875891,dynamic
2025-07-29,MC_20D_ONLY_DYNAMIC,optimized,30.80308785632585,2.1615275301869343,0.15323227099906217,0.3146432731634948,0.7095376974537843,0.29046230254621574,0.5910271910631382,dynamic
2025-07-30,MC_20D_ONLY_DYNAMIC,optimized,30.469121643227354,2.183266995575837,0.14142445761038025,0.31979365753272115,0.7056252996407898,0.2943747003592102,0.5860374475914059,dynamic
2025-07-31,MC_20D_ONLY_DYNAMIC,optimized,31.618142706787356,2.152282449519546,0.17184224959218172,0.3276399925055278,0.7272519085977489,0.2727480914022511,0.622932179403966,dynamic
2025-08-01,MC_20D_ONLY_DYNAMIC,optimized,31.68172627121511,2.12589748688824,0.1788548348315704,0.30282820317572334,0.7241851829833481,0.2758148170166519,0.6103994364689314,dynamic
2025-08-04,MC_20D_ONLY_DYNAMIC,optimized,30.65407890938907,2.2188101573829035,0.13918466154559575,0.35571718839190575,0.7148154271390861,0.2851845728609139,0.6061742576696432,dynamic
2025-08-05,MC_20D_ONLY_DYNAMIC,optimized,30.72293647584367,2.2774754470129692,0.1389467608273198,0.4047834515442729,0.7177600503718911,0.28223994962810894,0.6059926066601493,dynamic
2025-08-06,MC_20D_ONLY_DYNAMIC,optimized,30.797423159771057,2.2297893924003156,0.14611152129068908,0.37491091660586945,0.7150077093582909,0.28499229064170906,0.6045198629250841,dynamic
2025-08-07,MC_20D_ONLY_DYNAMIC,optimized,30.794413086010508,2.2504194577456023,0.1457519290087019,0.3902715177050529,0.7151749802334587,0.2848250197665413,0.6021448038662971,dynamic
2025-08-08,MC_20D_ONLY_DYNAMIC,optimized,32.35980137101505,2.2089699518479153,0.16905829561002245,0.4093863239793107,0.7591454183525841,0.2408545816474159,0.7615140573251198,dynamic
2025-08-11,MC_20D_ONLY_DYNAMIC,optimized,31.90410639684285,2.2220872851524387,0.16189083726172446,0.4058856617816761,0.7466515860643343,0.25334841393566565,0.7134374664607073,dynamic
2025-08-12,MC_20D_ONLY_DYNAMIC,optimized,32.06344479226174,2.219757237792598,0.16567398245098236,0.41066362093651493,0.7499986057296837,0.2500013942703163,0.7280809266287083,dynamic
2025-08-13,MC_20D_ONLY_DYNAMIC,optimized,31.821848079295346,2.1948559978936384,0.16378823107732618,0.3737162470277369,0.7418433383099529,0.25815666169004714,0.6796241349603944,dynamic
2025-08-14,MC_20D_ONLY_DYNAMIC,optimized,31.69369938613454,2.162469632779488,0.16750015866935802,0.3554511233734126,0.7337478485098953,0.2662521514901047,0.6717288860529145,dynamic
2025-08-15,MC_20D_ONLY_DYNAMIC,optimized,32.206339950010815,2.168141106976844,0.1776540729317842,0.35860803605333214,0.7461303396550053,0.2538696603449947,0.6772047049993839,dynamic
2025-08-18,MC_20D_ONLY_DYNAMIC,optimized,31.549963752012914,2.1916037031758484,0.16183494126045894,0.35795963709685197,0.7325305970721495,0.2674694029278505,0.6418659618711215,dynamic
2025-08-19,MC_20D_ONLY_DYNAMIC,optimized,32.097270462860436,2.1998276237549494,0.17294946690202456,0.3777843323117941,0.7455312449927978,0.25446875500720223,0.6720560794893311,dynamic
2025-08-20,MC_20D_ONLY_DYNAMIC,optimized,31.39803224257495,2.2063099737304297,0.15552522837617191,0.365431141466357,0.7315011070020605,0.2684988929979395,0.6422008528873517,dynamic
2025-08-21,MC_20D_ONLY_DYNAMIC,optimized,31.039566969722728,2.3063781098602956,0.13314338015780128,0.4406209017874342,0.7350679746626683,0.26493202533733173,0.6761734831941535,dynamic
2025-08-22,MC_20D_ONLY_DYNAMIC,optimized,32.32721447971259,2.2094841051912812,0.16618710888876753,0.40749032804072427,0.7601388920774894,0.23986110792251059,0.7667387830939285,dynamic
2025-08-25,MC_20D_ONLY_DYNAMIC,optimized,33.50390731040913,2.089411396086903,0.20184885801863633,0.3314024960248605,0.7786772060014563,0.2213227939985437,0.7829988663747125,dynamic
2025-08-26,MC_20D_ONLY_DYNAMIC,optimized,31.743614116817092,2.2212649291073223,0.15732501234739404,0.3989835945187433,0.7438845547947686,0.25611544520523144,0.7041565427127914,dynamic
2025-08-27,MC_20D_ONLY_DYNAMIC,optimized,31.526085908965996,2.231724673451385,0.1550163333490227,0.3974597532740725,0.7370303696794216,0.2629696303205784,0.6713434280268373,dynamic
2025-08-28,MC_20D_ONLY_DYNAMIC,optimized,33.43440533314724,2.1431736313435437,0.19806056046462317,0.3839911921813094,0.778927764954191,0.22107223504580897,0.8074448725144654,dynamic
2025-08-29,MC_20D_ONLY_DYNAMIC,optimized,33.21641244016413,2.1421101429166676,0.19347266082676978,0.3663001652270772,0.7738783689451493,0.22612163105485072,0.7671617832920097,dynamic
2025-09-01,MC_20D_ONLY_DYNAMIC,optimized,32.78872551012906,2.1481253702587644,0.194333176520805,0.3506355653815483,0.7560824791885185,0.24391752081148155,0.688764781060418,dynamic
2025-09-02,MC_20D_ONLY_DYNAMIC,optimized,31.69656877517433,2.1971237334615545,0.16661576340665557,0.36176439535582255,0.7345701402816488,0.2654298597183512,0.6384132499348913,dynamic
2025-09-03,MC_20D_ONLY_DYNAMIC,optimized,31.3374208551166,2.2093118207483338,0.1549046443742664,0.36012405298266736,0.729573118705251,0.270426881294749,0.6291406281042384,dynamic
2025-09-04,MC_20D_ONLY_DYNAMIC,optimized,31.130857577453828,2.199736351475019,0.15430078455538065,0.3539117405296373,0.7217936754538486,0.27820632454615135,0.6153706812447197,dynamic
2025-09-05,MC_20D_ONLY_DYNAMIC,optimized,30.93470335605965,2.197761012116792,0.15517208285547351,0.34092736072733976,0.7132504679580073,0.2867495320419927,0.5867510996461647,dynamic
2025-09-08,MC_20D_ONLY_DYNAMIC,optimized,31.688777775958155,2.1351265343933483,0.1800348657248056,0.31192101437224157,0.7235232184584816,0.27647678154151845,0.6071597874363679,dynamic
2025-09-09,MC_20D_ONLY_DYNAMIC,optimized,31.28556442649755,2.1594374951658812,0.16853539651463703,0.3234653805046002,0.7165942598481925,0.28340574015180753,0.5947004774813625,dynamic
2025-09-10,MC_20D_ONLY_DYNAMIC,optimized,33.3119836040463,2.0932526548314416,0.2229731925711529,0.31696178436710537,0.7541007901049296,0.24589920989507041,0.6709553941530677,dynamic
2025-09-11,MC_20D_ONLY_DYNAMIC,optimized,33.92570798010658,2.0885794366550456,0.22869698011697775,0.3336805500413179,0.7740707351106808,0.2259292648893192,0.730060144927057,dynamic
2025-09-12,MC_20D_ONLY_DYNAMIC,optimized,33.252507597994516,2.089903373540935,0.2131846138151281,0.3191014862713722,0.7595526128676781,0.24044738713232194,0.694298616755959,dynamic
2025-09-15,MC_20D_ONLY_DYNAMIC,optimized,33.69022012556504,2.0872038753280755,0.222570313260807,0.33931461102398086,0.769552554413956,0.23044744558604402,0.7369260342420576,dynamic
2025-09-16,MC_20D_ONLY_DYNAMIC,optimized,34.44764670801075,2.0142038943335216,0.25593542577449824,0.29601322488789494,0.7731575277008313,0.22684247229916865,0.7242913706028844,dynamic
2025-09-17,MC_20D_ONLY_DYNAMIC,optimized,34.76762421273884,1.9745818777923294,0.26137737056782445,0.27929751083492366,0.7816030720552941,0.2183969279447059,0.7548649570083898,dynamic
2025-09-18,MC_20D_ONLY_DYNAMIC,optimized,33.62646042881764,2.0628505147821623,0.2307335109902545,0.30376237644665866,0.760471608360502,0.23952839163949802,0.6870123534065407,dynamic
2025-09-19,MC_20D_ONLY_DYNAMIC,optimized,33.94479441488841,2.0251036174763772,0.23323441610552864,0.29136757889872167,0.7712042437111135,0.2287957562888865,0.72924399412378,dynamic
2025-09-22,MC_20D_ONLY_DYNAMIC,optimized,33.21505031239727,2.0314799121915104,0.2221818950770928,0.2795572740544905,0.7508564964342163,0.24914350356578374,0.6772025213666897,dynamic
2025-09-23,MC_20D_ONLY_DYNAMIC,optimized,34.969495107528004,1.9262905406874582,0.2854890711016442,0.24669754595564136,0.7703885474198049,0.2296114525801951,0.7112056924401826,dynamic
2025-09-24,MC_20D_ONLY_DYNAMIC,optimized,34.73001544084905,1.9414843533519612,0.2664712350223971,0.2572452001683119,0.7760236296160444,0.22397637038395557,0.7427432058201262,dynamic
2025-09-25,MC_20D_ONLY_DYNAMIC,optimized,33.85866826557613,1.9809228031529833,0.2528501561442264,0.2606729994500593,0.7520666057076638,0.24793339429233618,0.671655686136619,dynamic
2025-09-26,MC_20D_ONLY_DYNAMIC,optimized,33.61051552324619,2.0142957968438746,0.24177517345994082,0.2750712623512674,0.7510004821618951,0.24899951783810492,0.6669162714670103,dynamic
2025-09-30,MC_20D_ONLY_DYNAMIC,optimized,32.30076213771567,2.1452894933912576,0.18573015830022555,0.3429266677479059,0.7434463588684465,0.25655364113155354,0.6644839211641731,dynamic
2025-10-01,MC_20D_ONLY_DYNAMIC,optimized,32.81557068819039,2.12656019554995,0.20094787696969524,0.34349102787818364,0.7518645259518594,0.24813547404814063,0.6849935752425775,dynamic
2025-10-02,MC_20D_ONLY_DYNAMIC,optimized,32.172437244416244,2.1337818583314343,0.1836742760380565,0.3347416302379767,0.7399580689462045,0.26004193105379547,0.6624119359182785,dynamic
2025-10-03,MC_20D_ONLY_DYNAMIC,optimized,35.01635861628648,1.981439051589211,0.2515858966202871,0.295368460259697,0.7993856273552296,0.20061437264477044,0.8333094218997292,dynamic
2025-10-07,MC_20D_ONLY_DYNAMIC,optimized,36.06108312926631,1.8771623282746006,0.2858830730084808,0.2623876023909994,0.8137368667638678,0.1862631332361322,0.9063189641970584,dynamic
2025-10-08,MC_20D_ONLY_DYNAMIC,optimized,36.63346959488167,1.8179335107166612,0.3047782711629289,0.24596594575660402,0.8215161668649237,0.17848383313507632,0.9562289542333122,dynamic
2025-10-09,MC_20D_ONLY_DYNAMIC,optimized,37.134703538178535,1.8047524766695948,0.31782937564305525,0.25025938255167307,0.8311246410126973,0.16887535898730266,0.9811936833266626,dynamic
2025-10-13,MC_20D_ONLY_DYNAMIC,optimized,36.356821766901575,1.842830599401703,0.2944450745635404,0.2617704182728905,0.8187168110252309,0.18128318897476914,0.9664760895774651,dynamic
2025-10-14,MC_20D_ONLY_DYNAMIC,optimized,34.52359890069192,1.9914383396518072,0.23868517470418288,0.2849425080499759,0.7899958162643305,0.21000418373566954,0.8039031273777582,dynamic
2025-10-15,MC_20D_ONLY_DYNAMIC,optimized,32.82666393319484,2.0825426638031215,0.19553816853192757,0.3078405048540228,0.7566360225022516,0.2433639774977484,0.7113999337079306,dynamic
2025-10-16,MC_20D_ONLY_DYNAMIC,optimized,34.76271499323609,1.9869207645981497,0.2423309462940631,0.2982700100287347,0.7966438426941931,0.20335615730580692,0.8453761278049781,dynamic
2025-10-17,MC_20D_ONLY_DYNAMIC,optimized,35.24391624849941,1.9407269825361348,0.2543232945982209,0.2946034036700375,0.8062980142613997,0.1937019857386003,0.9265629083747919,dynamic
2025-10-20,MC_20D_ONLY_DYNAMIC,optimized,34.3925723934222,2.018383343016364,0.22512633607102753,0.3103963435532973,0.795601826880066,0.20439817311993402,0.8580544526406086,dynamic
2025-10-21,MC_20D_ONLY_DYNAMIC,optimized,37.03701041139408,1.8595654702383912,0.30852588796719493,0.2802505055357689,0.8346597060820071,0.16534029391799288,0.9794468252349282,dynamic
2025-10-22,MC_20D_ONLY_DYNAMIC,optimized,35.924394567635474,1.9498626810903028,0.27334515226608047,0.31180407272748933,0.8182996608925546,0.18170033910744543,0.9259342617664861,dynamic
2025-10-23,MC_20D_ONLY_DYNAMIC,optimized,36.0922033167839,1.9374126917893957,0.2760152252570424,0.2942296999392702,0.8228759524657221,0.1771240475342779,0.9138406730980462,dynamic
2025-10-27,MC_20D_ONLY_DYNAMIC,optimized,35.58383682866115,1.952872509510248,0.27383695287475496,0.28343477410928947,0.804283910846642,0.19571608915335803,0.8238273884788572,dynamic
2025-10-28,MC_20D_ONLY_DYNAMIC,optimized,35.81801913973524,1.929550232382123,0.2708786413892199,0.2905488209459968,0.8160178524780336,0.1839821475219664,0.9149883319892367,dynamic
2025-10-29,MC_20D_ONLY_DYNAMIC,optimized,34.129559224301545,2.024734082688192,0.23241780223326425,0.3108425316833277,0.7792481271854503,0.22075187281454967,0.7825726871148175,dynamic
2025-10-30,MC_20D_ONLY_DYNAMIC,optimized,36.441098274719394,1.9129180061741657,0.28946929026227153,0.30190202032251395,0.8260684987789585,0.1739315012210415,0.9542688428170347,dynamic
2025-10-31,MC_20D_ONLY_DYNAMIC,optimized,36.746194102314405,1.9241979696908096,0.29051022331793963,0.3190970207544191,0.8374395854382245,0.1625604145617755,1.0066141678056293,dynamic
2025-11-03,MC_20D_ONLY_DYNAMIC,optimized,36.56398573799529,1.921872324344939,0.285461221452136,0.3134796357629537,0.8341904523581027,0.16580954764189726,1.0009475357050195,dynamic
2025-11-04,MC_20D_ONLY_DYNAMIC,optimized,36.92220347722737,1.9128379104881807,0.30146648843758017,0.30295466424427747,0.8357149483390305,0.16428505166096952,0.9547683540339795,dynamic
2025-11-05,MC_20D_ONLY_DYNAMIC,optimized,34.33732186769887,2.0468581099725123,0.23649178338630986,0.31561971033811964,0.7842994479989069,0.21570055200109306,0.7638961848495738,dynamic
2025-11-06,MC_20D_ONLY_DYNAMIC,optimized,32.53593469106938,2.1877752596695745,0.18293491272585072,0.3808507914799797,0.7550894574620943,0.24491054253790567,0.6991851178461621,dynamic
2025-11-07,MC_20D_ONLY_DYNAMIC,optimized,31.780389190103485,2.190413455724568,0.1676725593896793,0.369495567119339,0.737077520092396,0.262922479907604,0.6604196831321492,dynamic
2025-11-10,MC_20D_ONLY_DYNAMIC,optimized,31.8358936677171,2.2200236910555864,0.16442584193549387,0.3924480153024556,0.741895073160289,0.258104926839711,0.6737389542038921,dynamic
2025-11-11,MC_20D_ONLY_DYNAMIC,optimized,31.84317293684888,2.1765291198900223,0.17030976090361086,0.3607628445605406,0.7374791087510666,0.2625208912489334,0.6619750991451339,dynamic
2025-11-12,MC_20D_ONLY_DYNAMIC,optimized,32.763963733932194,2.1414031469189303,0.19866285223644,0.35287426912676007,0.7516282675681356,0.2483717324318644,0.684036555723452,dynamic
2025-11-13,MC_20D_ONLY_DYNAMIC,optimized,33.19409618386637,2.1351365206453314,0.20807613360049254,0.35941099197442555,0.7613029404742606,0.23869705952573939,0.7110191833110013,dynamic
2025-11-14,MC_20D_ONLY_DYNAMIC,optimized,31.160342868777633,2.2164402485340284,0.15382959926214396,0.3809188741961516,0.7233500353413901,0.2766499646586099,0.6361819420536081,dynamic
2025-11-17,MC_20D_ONLY_DYNAMIC,optimized,31.377304122385638,2.290630791252352,0.14794709794175107,0.44138600959864793,0.7367344865420247,0.26326551345797533,0.6761986585805699,dynamic
2025-11-18,MC_20D_ONLY_DYNAMIC,optimized,30.772194669030487,2.2921550980323273,0.1347888633009801,0.43380869289617396,0.7230566961204353,0.2769433038795647,0.6527579065659799,dynamic
2025-11-19,MC_20D_ONLY_DYNAMIC,optimized,30.984408014976275,2.392139946425432,0.12070896335632819,0.5049530146683161,0.7428091499139885,0.2571908500860115,0.720541333313852,dynamic
2025-11-20,MC_20D_ONLY_DYNAMIC,optimized,31.050890879376766,2.3837794387399547,0.1213635522704394,0.49316895589483223,0.744944793358719,0.255055206641281,0.7110616668507035,dynamic
2025-11-21,MC_20D_ONLY_DYNAMIC,optimized,31.62124280234229,2.3068669345618535,0.1486162896877999,0.4645480607692219,0.7459566803434518,0.25404331965654825,0.7211694712010921,dynamic
2025-11-24,MC_20D_ONLY_DYNAMIC,optimized,32.61194101423153,2.313807750027935,0.14862077973609428,0.45070785500443455,0.785581016780386,0.21441898321961395,0.7926294123945494,dynamic
2025-11-25,MC_20D_ONLY_DYNAMIC,optimized,33.05911930849916,2.2808627183800754,0.16032722612878553,0.44051303365895267,0.794102991436938,0.20589700856306203,0.8242466713303447,dynamic
2025-11-26,MC_20D_ONLY_DYNAMIC,optimized,32.59363002750558,2.2701901020173425,0.16602207954127354,0.4498331772298865,0.7709275374672044,0.22907246253279556,0.7803730508254629,dynamic
2025-11-27,MC_20D_ONLY_DYNAMIC,optimized,32.30341422443752,2.25907340220584,0.1640925057377666,0.4469716540234855,0.7608625643872875,0.2391374356127125,0.772809544961528,dynamic
2025-11-28,MC_20D_ONLY_DYNAMIC,optimized,31.75339830538166,2.260186513385235,0.1510478661040225,0.4328059843500377,0.7492976393320484,0.2507023606679516,0.7380948613933196,dynamic
2025-12-01,MC_20D_ONLY_DYNAMIC,optimized,32.17251102096639,2.2564746443210493,0.16679999397519954,0.4488961920806642,0.7534604456584958,0.2465395543415042,0.7576879587030403,dynamic
2025-12-02,MC_20D_ONLY_DYNAMIC,optimized,32.8836038069135,2.2402384299988576,0.16935393447192043,0.4479671834991204,0.7798610046990037,0.22013899530099634,0.8602960483338942,dynamic
2025-12-03,MC_20D_ONLY_DYNAMIC,optimized,31.828447872020295,2.2821981422506328,0.15668572924145238,0.4606957828051731,0.7477893314876499,0.2522106685123501,0.7464050395670467,dynamic
2025-12-04,MC_20D_ONLY_DYNAMIC,optimized,32.93239857700392,2.216559754763234,0.18033647683076312,0.4445871926073461,0.7730267616155464,0.2269732383844536,0.8516091449460994,dynamic
2025-12-05,MC_20D_ONLY_DYNAMIC,optimized,32.65438445765885,2.224887321369353,0.17108554029046436,0.4222566554599506,0.7693069460739824,0.23069305392601758,0.7830289813825759,dynamic
2025-12-08,MC_20D_ONLY_DYNAMIC,optimized,32.577357679438784,2.1382802731574446,0.1826784855945285,0.3537596880734839,0.7569515187019287,0.24304848129807133,0.7308931366470963,dynamic
2025-12-09,MC_20D_ONLY_DYNAMIC,optimized,32.89652607037354,2.146356151908953,0.18270908040402417,0.3818966587448749,0.7696937784917223,0.23030622150827773,0.816700483235862,dynamic
2025-12-10,MC_20D_ONLY_DYNAMIC,optimized,32.87046155117371,2.152824910248872,0.1807540877487684,0.38153035749820785,0.7702151918479337,0.22978480815206626,0.8082125287807393,dynamic
2025-12-11,MC_20D_ONLY_DYNAMIC,optimized,32.0843202861532,2.192063346538868,0.16361280243447018,0.3936382314619898,0.7524825694985521,0.24751743050144792,0.757210597182592,dynamic
2025-12-12,MC_20D_ONLY_DYNAMIC,optimized,31.764924848116934,2.204216242390015,0.16177816888157007,0.381874620993837,0.7411744588194213,0.25882554118057866,0.6821624026448765,dynamic
2025-12-15,MC_20D_ONLY_DYNAMIC,optimized,32.841022320660585,2.1685163104290646,0.1846304190403254,0.3793421816813633,0.765936557594163,0.23406344240583699,0.7480319463882648,dynamic
2025-12-16,MC_20D_ONLY_DYNAMIC,optimized,32.95737987985973,2.2061564805895357,0.18196463370537164,0.41045993122663854,0.7727234882300918,0.22727651176990815,0.773010872318137,dynamic
2025-12-17,MC_20D_ONLY_DYNAMIC,optimized,34.14769343591547,2.140049181159064,0.2100528183412338,0.4026040110504747,0.7978654827636318,0.20213451723636822,0.8838559427072514,dynamic
2025-12-18,MC_20D_ONLY_DYNAMIC,optimized,34.98037633819712,2.070928853078105,0.23399930085476822,0.37524024403871553,0.8120156128440702,0.1879843871559298,0.9313678358277642,dynamic
2025-12-19,MC_20D_ONLY_DYNAMIC,optimized,33.307664659808324,2.2041260195840846,0.18927141174324294,0.4318688255259356,0.7808894569977387,0.2191105430022613,0.8366682583634679,dynamic
2025-12-22,MC_20D_ONLY_DYNAMIC,optimized,33.34893351431051,2.1360092117359524,0.20774725452154613,0.36623288646852137,0.7677595369551835,0.2322404630448165,0.7358548692956344,dynamic
2025-12-23,MC_20D_ONLY_DYNAMIC,optimized,35.2822602190081,1.9778320574566142,0.26653162295656296,0.30242850581172576,0.7980651103950737,0.20193488960492634,0.8198029269492282,dynamic
2025-12-24,MC_20D_ONLY_DYNAMIC,optimized,35.58801387240604,1.9615059181886372,0.28631949754361746,0.2944499397666655,0.7944649568613474,0.20553504313865256,0.7922294048527436,dynamic
2025-12-26,MC_20D_ONLY_DYNAMIC,optimized,35.23773843114378,1.9710102237986247,0.26716922741721416,0.29578136895593105,0.7957741553119801,0.20422584468801985,0.8106698216745585,dynamic
2025-12-29,MC_20D_ONLY_DYNAMIC,optimized,34.944372316107454,1.9841638908346324,0.2645477635533341,0.29327443702853817,0.7861366818016307,0.21386331819836935,0.7707558686036404,dynamic
2025-12-30,MC_20D_ONLY_DYNAMIC,optimized,33.96992251120808,2.0542108219785815,0.22358570037285938,0.3239473095936722,0.7799283401500358,0.22007165984996424,0.7797873402895226,dynamic
2025-12-31,MC_20D_ONLY_DYNAMIC,optimized,34.47809026390402,2.0224130103818845,0.2499055002957411,0.30679463781915706,0.779199210319568,0.22080078968043204,0.749841622151739,dynamic
2026-01-02,MC_20D_ONLY_DYNAMIC,optimized,34.25209828653205,2.060033782762871,0.2345460890893407,0.328871101321876,0.7824470601898095,0.21755293981019053,0.7668659542933218,dynamic
2026-01-05,MC_20D_ONLY_DYNAMIC,optimized,33.90576662006343,2.071815844485107,0.2197209621728905,0.3334349306131172,0.780453895064225,0.21954610493577498,0.7788838449886137,dynamic
2026-01-06,MC_20D_ONLY_DYNAMIC,optimized,35.97819354795364,1.9105872401705681,0.2712161885528385,0.2974603595499861,0.8221547910758749,0.17784520892412514,0.9951079800897991,dynamic
2026-01-07,MC_20D_ONLY_DYNAMIC,optimized,37.07405042641723,1.8062796560915708,0.31024659775459934,0.27309348473551576,0.8347647388530095,0.1652352611469905,1.083520781788224,dynamic
2026-01-08,MC_20D_ONLY_DYNAMIC,optimized,37.25043719008696,1.8164733137872173,0.3107282307901642,0.2828741572148415,0.8414349029713472,0.15856509702865285,1.1069206743825601,dynamic
2026-01-09,MC_20D_ONLY_DYNAMIC,optimized,37.74464243308054,1.7973080802193797,0.3237065569389348,0.2907352708385917,0.8508204517720739,0.14917954822792612,1.166679653376304,dynamic
2026-01-12,MC_20D_ONLY_DYNAMIC,optimized,37.384562952978236,1.8170395236997374,0.31210424135970344,0.2883696999352742,0.8456991250313666,0.15430087496863343,1.1332769865207086,dynamic
2026-01-13,MC_20D_ONLY_DYNAMIC,optimized,37.344204956869746,1.8056069840490632,0.3132729884199489,0.28892072315538436,0.8431498075388305,0.1568501924611695,1.1576359370737301,dynamic
2026-01-14,MC_20D_ONLY_DYNAMIC,optimized,37.898012536100595,1.7682331978446995,0.33126040793301603,0.2853335469009045,0.8509121750976111,0.14908782490238892,1.203820092436056,dynamic
2026-01-15,MC_20D_ONLY_DYNAMIC,optimized,34.73882464761485,1.971355735656636,0.2391379564723431,0.3020789033826706,0.7982426207267195,0.20175737927328052,0.9041991759269665,dynamic
2026-01-16,MC_20D_ONLY_DYNAMIC,optimized,33.85459465756418,2.080062153731771,0.21529242617528438,0.34137030825379266,0.7819498453623397,0.2180501546376603,0.7944349977520071,dynamic
2026-01-19,MC_20D_ONLY_DYNAMIC,optimized,37.048406150369686,1.8327741068174777,0.30258892857601627,0.2903567541175336,0.8398651031539746,0.16013489684602544,1.1168247086838754,dynamic
2026-01-20,MC_20D_ONLY_DYNAMIC,optimized,36.92039067924377,1.823493162021367,0.30308580110305616,0.28296411804812494,0.8343469862873059,0.16565301371269414,1.0977552538723603,dynamic
2026-01-21,MC_20D_ONLY_DYNAMIC,optimized,36.58793304799488,1.9002375154122728,0.2891803790932286,0.308413814563605,0.8321730186452124,0.16782698135478757,1.0194014878170399,dynamic
2026-01-22,MC_20D_ONLY_DYNAMIC,optimized,35.44175465883797,1.9781024801308655,0.25859493194286726,0.3114872877673595,0.8107942407992251,0.18920575920077487,0.887024289578596,dynamic
2026-01-23,MC_20D_ONLY_DYNAMIC,optimized,35.89023566588403,1.9441628822954617,0.2641826675862682,0.33186868083536114,0.8242632925663465,0.17573670743365355,1.0510993280398706,dynamic
2026-01-26,MC_20D_ONLY_DYNAMIC,optimized,37.001548780083546,1.9034102835172886,0.3003403180622598,0.3177516931003792,0.8397896967535339,0.16021030324646612,1.0279739127810061,dynamic
2026-01-27,MC_20D_ONLY_DYNAMIC,optimized,35.88855617576788,1.9551039187513555,0.2677306445460083,0.3258498774091258,0.8213577313939086,0.17864226860609145,0.9786120028394785,dynamic
2026-01-28,MC_20D_ONLY_DYNAMIC,optimized,36.77550942831992,1.9094118322382738,0.2947237200383454,0.31217558880033747,0.8352414011021205,0.16475859889787947,1.001031607925425,dynamic
2026-01-29,MC_20D_ONLY_DYNAMIC,optimized,34.60059002363687,2.0132861980134966,0.2290563940110315,0.3416161881479712,0.8007784857366497,0.19922151426335033,0.9602175701246738,dynamic
2026-01-30,MC_20D_ONLY_DYNAMIC,optimized,35.209786356437476,1.9766319196287838,0.24377117912390536,0.3336444234552118,0.8133745109583747,0.18662548904162535,1.016857033934194,dynamic
2026-02-02,MC_20D_ONLY_DYNAMIC,optimized,36.550011475717994,1.9190077209095386,0.276190966175244,0.32169164446454174,0.8410476860885248,0.15895231391147524,1.0936277971584727,dynamic
2026-02-03,MC_20D_ONLY_DYNAMIC,optimized,34.100195030544725,2.0958868667211865,0.20881257887871152,0.36243034815047115,0.7969577381188199,0.20304226188118013,0.8725831621973574,dynamic
2026-02-04,MC_20D_ONLY_DYNAMIC,optimized,34.72173609509145,2.0486455209617667,0.2263102580775261,0.3445663548637858,0.8078212373416372,0.19217876265836276,0.9077036651367862,dynamic
2026-02-05,MC_20D_ONLY_DYNAMIC,optimized,34.22997103638248,2.0464309298183223,0.22109439589291313,0.3177840497117568,0.7923233247409687,0.20767667525903133,0.8205761805563316,dynamic
2026-02-06,MC_20D_ONLY_DYNAMIC,optimized,34.44020390859911,2.0968384006622993,0.21300760296560206,0.3674845629930418,0.8072020739714828,0.1927979260285172,0.9016829625023339,dynamic
2026-02-09,MC_20D_ONLY_DYNAMIC,optimized,33.782510206035475,2.106943830926347,0.2037610978778031,0.37110787914704585,0.7882915299391765,0.2117084700608235,0.8619513266378727,dynamic
2026-02-10,MC_20D_ONLY_DYNAMIC,optimized,36.736347471902086,1.8874614398623755,0.2879878443542425,0.30297935050489155,0.8390636233926894,0.16093637660731064,1.061578448074774,dynamic
2026-02-11,MC_20D_ONLY_DYNAMIC,optimized,37.202645345465356,1.842054653763756,0.3051612272686691,0.3056144378217367,0.8439768320036787,0.15602316799632132,1.1467421920283782,dynamic
2026-02-23,MC_20D_ONLY_DYNAMIC,optimized,37.93010364867631,1.7644786989704067,0.33495714452926395,0.2967456367690243,0.8492384303236412,0.1507615696763588,1.2405737648218933,dynamic
2026-02-24,MC_20D_ONLY_DYNAMIC,optimized,38.348919367061185,1.7472961153191044,0.34410598790279967,0.29144979798927945,0.8586719843602078,0.14132801563979225,1.264177120452295,dynamic
2026-02-25,MC_20D_ONLY_DYNAMIC,optimized,36.78395534965772,1.8473004572202134,0.29473284424540125,0.29329054553989337,0.8355719385899876,0.16442806141001243,1.1052937988970117,dynamic
2026-02-26,MC_20D_ONLY_DYNAMIC,optimized,37.435980535382704,1.8339045089641195,0.31540078435682106,0.29957166596762314,0.8451185939298513,0.15488140607014866,1.107848870256115,dynamic
2026-03-02,MC_20D_ONLY_DYNAMIC,optimized,34.514939618486984,1.9972164901918186,0.22916786566541608,0.3173080907693114,0.7972632922071466,0.20273670779285335,0.9171140215670253,dynamic
2026-03-03,MC_20D_ONLY_DYNAMIC,optimized,34.45214598149133,2.022126490013058,0.22181920946202704,0.3292304927482642,0.8006304716900313,0.19936952830996868,0.9271506839740118,dynamic
2026-03-04,MC_20D_ONLY_DYNAMIC,optimized,33.61371393368118,2.1205560112778428,0.1955483008114104,0.35815881166444424,0.7881099166981193,0.21189008330188075,0.8249227584319421,dynamic
2026-03-05,MC_20D_ONLY_DYNAMIC,optimized,34.09799975608238,2.2049177370943345,0.19011220441067941,0.4287701512800713,0.8118302267147517,0.1881697732852483,0.9188292297908855,dynamic
2026-03-06,MC_20D_ONLY_DYNAMIC,optimized,33.45996238209756,2.17001314365933,0.18901827015448644,0.3982120584374837,0.7871838791603131,0.21281612083968693,0.836039105989772,dynamic
2026-03-09,MC_20D_ONLY_DYNAMIC,optimized,34.03113301395721,2.1202925269773125,0.20276490737618363,0.3671215617275028,0.7990333946573416,0.20096660534265842,0.8571000116052572,dynamic
2026-03-10,MC_20D_ONLY_DYNAMIC,optimized,32.77051277254313,2.343851854375969,0.15026300004551962,0.48768403420672624,0.7906101108653095,0.20938988913469048,0.837434745007501,dynamic
2026-03-11,MC_20D_ONLY_DYNAMIC,optimized,33.10028342128675,2.2015313879946374,0.17698348842327694,0.39787314759919856,0.7824245461128484,0.2175754538871516,0.7925712088551844,dynamic
2026-03-12,MC_20D_ONLY_DYNAMIC,optimized,35.08581715262252,2.046083794205573,0.24077251939226016,0.3482948945406587,0.8108146705910927,0.1891853294089073,0.8890128858335142,dynamic
2026-03-13,MC_20D_ONLY_DYNAMIC,optimized,34.15818570736791,2.122901541453247,0.21067956764972143,0.37899409888426244,0.7977837741749394,0.2022162258250606,0.854199247257772,dynamic
2026-03-16,MC_20D_ONLY_DYNAMIC,optimized,35.06933870885257,2.0981249773022532,0.231197178144378,0.3684578137204775,0.8178158058386003,0.18218419416139975,0.884232552167826,dynamic
2026-03-17,MC_20D_ONLY_DYNAMIC,optimized,36.237534093616866,2.0652141216048996,0.2559960335764705,0.3707997961142117,0.8447045368834983,0.15529546311650166,0.9745846023316851,dynamic
2026-03-18,MC_20D_ONLY_DYNAMIC,optimized,34.13402440078429,2.1334695516824467,0.22151441428890217,0.3767017262816963,0.7881494446002499,0.21185055539975006,0.7871524960844791,dynamic
2026-03-19,MC_20D_ONLY_DYNAMIC,optimized,36.41376229906645,1.9701849589595193,0.2719159264194402,0.34533719960399717,0.839017750827106,0.16098224917289405,1.0417019720261593,dynamic
2026-03-20,MC_20D_ONLY_DYNAMIC,optimized,32.871339070561206,2.2467821479188403,0.17428076339134327,0.4289727969786751,0.7754289521093735,0.22457104789062654,0.7679816939762434,dynamic
2026-03-23,MC_20D_ONLY_DYNAMIC,optimized,33.096060500279755,2.255473296082161,0.17342918819959013,0.4412039076115748,0.7850990694515181,0.21490093054848192,0.8093576887086211,dynamic
2026-03-24,MC_20D_ONLY_DYNAMIC,optimized,31.85200287074622,2.389405293472323,0.1289119289819582,0.48216064483857934,0.7709505716442822,0.22904942835571784,0.7380800108902319,dynamic
2026-03-25,MC_20D_ONLY_DYNAMIC,optimized,32.262035775482246,2.3268273028909836,0.1459519188101347,0.46688488666182937,0.773719895971182,0.22628010402881804,0.7744898218125496,dynamic
