date,main_source_aware_return,diagnostic_return,return_difference_main_minus_diagnostic,abs_return_difference,main_cumulative_return,diagnostic_cumulative_return,cumulative_return_difference,main_drawdown,diagnostic_drawdown,drawdown_difference_main_minus_diagnostic,diagnostic_turnover_estimated_from_weights
2024-11-27,-0.01574822124884062,-0.016055176950948206,0.000306955702107585,0.000306955702107585,-0.015748221248840677,-0.016055176950948158,0.0003069557021074809,0.0,0.0,0.0,0.5
2024-11-28,-0.0022929814325417606,-0.0024734786721319624,0.0001804972395902018,0.0001804972395902018,-0.018005092302463277,-0.018488943485314713,0.0004838511828514358,-0.002292981432541752,-0.00247347867213199,0.00018049723959023822,0.0
2024-11-29,0.0015464072281924487,0.0017422189544302736,-0.00019581172623782481,0.00019581172623782481,-0.016486528279151536,-0.01677893631867189,0.0002924080395203532,-0.0007501200874105995,-0.0007355690591276387,-1.4551028282960843e-05,0.0
2024-12-02,0.021277658067412764,0.021014374096012485,0.00026328397140027923,0.00026328397140027923,0.0044403350768187355,0.00388283893260688,0.0005574961442118553,0.0,0.0,0.0,0.06150834602374483
2024-12-03,0.009653383730691342,0.008813079434271589,0.0008403042964197534,0.0008403042964197534,0.014136583065899488,0.012730138134821933,0.001406444931077555,0.0,0.0,0.0,0.0
2024-12-04,0.006877301912595092,0.007315806921729976,-0.0004385050091348843,0.0004385050091348843,0.021111106528251433,0.020139076289233282,0.0009720302390181512,0.0,0.0,0.0,0.0
2024-12-05,0.0034578930550153908,0.0030159908102157357,0.00044190224479965503,0.00044190224479965503,0.024641999531914482,0.023215806368463543,0.0014261931634509395,0.0,0.0,0.0,0.0
2024-12-06,-0.0024936722471551043,-0.0025113021973548677,1.76299501997634e-05,1.76299501997634e-05,0.02208687821441213,0.02064620226556224,0.00144067594884989,-0.002493672247155243,-0.0025113021973548477,1.762995019960467e-05,0.0
2024-12-09,0.0007476770722034566,0.0006016513312053094,0.0001460257409981472,0.0001460257409981472,0.022851069139053104,0.021260275411844942,0.0015907937272081618,-0.001747859636516469,-0.0019111617944596038,0.00016330215794313485,0.0
2024-12-10,-0.00505687162273095,-0.005046292002005017,-1.0579620725933471e-05,1.0579620725933471e-05,0.01767864259324381,0.016106697852068752,0.0015719447411750576,-0.006795892557451055,-0.006947809515986725,0.00015191695853566944,0.0
2024-12-11,-0.008266111210025736,-0.007914722857148539,-0.0003513883528771973,0.0003513883528771973,0.009266397757500044,0.008064494945277279,0.001201902812222766,-0.015005828163825452,-0.014807542386351957,-0.00019828577747349474,0.0
2024-12-12,0.00986056874039626,0.009623282507801926,0.00023728623259433416,0.00023728623259433416,0.019218338449960015,0.017765384366220438,0.0014529540837395771,-0.005293225423545156,-0.005326757042179997,3.353161863484111e-05,0.0
2024-12-13,0.0010971307303478568,0.001008510617016718,8.862011333113872e-05,8.862011333113872e-05,0.020336554210007574,0.01879181156198584,0.0015447426480217352,-0.004201902053472151,-0.004323618516194672,0.0001217164627225209,0.0
2024-12-16,0.0018675204451661285,0.000897391274810509,0.0009701291703556195,0.0009701291703556195,0.02224205358594511,0.01970606644452988,0.00253598714141523,-0.002342228746299413,-0.003430107218916234,0.0010878784726168211,0.0
2024-12-17,0.003909270122570332,0.004347005528707501,-0.0004377354061371689,0.0004377354061371689,0.026238273904063414,0.02413873435302083,0.002099539551042584,0.0,0.0,0.0,0.0
2024-12-18,0.000692650058585659,0.0006462123089899534,4.643774959570558e-05,4.643774959570558e-05,0.02694909790460609,0.02480054540927301,0.002148552495333078,0.0,0.0,0.0,0.0
2024-12-19,-0.010051713867209383,-0.009534385111008004,-0.0005173287562013785,0.0005173287562013785,0.01662649941628014,0.01502970234737,0.0015967970689101385,-0.010051713867209489,-0.009534385111008015,-0.0005173287562014739,0.0
2024-12-20,-0.008311204831400177,-0.007894459409983057,-0.00041674542141711957,0.00041674542141711957,0.008177108342602102,0.007016591562261532,0.0011605167803405703,-0.01827937684575265,-0.01735357570473295,-0.0009258011410196998,0.0
2024-12-23,0.01922713631886134,0.01883760064701924,0.0003895356718420992,0.0003895356718420992,0.0275614670382609,0.025986367959033974,0.001575099079226927,0.0,0.0,0.0,0.0
2024-12-24,0.001932633467484997,0.0016877907677125383,0.0002448426997724586,0.0002448426997724586,0.029547366719357093,0.02771801827867426,0.001829348440682832,0.0,0.0,0.0,0.0
2024-12-25,0.0029963748603437437,0.003171539873273653,-0.00017516501292990944,0.00017516501292990944,0.032632276566527896,0.030977466952126775,0.0016548096144011204,0.0,0.0,0.0,0.0
2024-12-26,0.00024057400469904055,0.0003136953687236022,-7.312136402456168e-05,7.312136402456168e-05,0.032880701048683125,0.031300879808767945,0.00157982123991518,0.0,0.0,0.0,0.0
2024-12-27,0.0024781884288707177,0.0024244905509989948,5.369787787172292e-05,5.369787787172292e-05,0.03544037405042588,0.03380125904710107,0.0016391150033248092,0.0,0.0,0.0,0.0
2024-12-30,-0.004168727254768662,-0.0042967907583893695,0.00012806350362070795,0.00012806350362070795,0.03112390554243394,0.029359231351216097,0.001764674191217841,-0.004168727254768689,-0.004296790758389513,0.0001280635036208233,0.0
2024-12-31,-0.00594126790668878,-0.005067034860604788,-0.000874233046083992,0.000874233046083992,0.024997722174615156,0.024143432241874097,0.0008542899327410591,-0.010085227636006944,-0.009342053630432834,-0.0007431740055741098,0.0
2025-01-02,-0.0055622109669927955,-0.006192492418303015,0.0006302814513102191,0.0006302814513102191,0.019296468603192896,0.01780143180246152,0.0014950368007313752,-0.015591342439238098,-0.01547669545245789,-0.00011464698678020913,0.43862081623848514
2025-01-03,0.0038341716947805954,0.003659592881473671,0.0001745788133069243,0.0001745788133069243,0.023204626271700945,0.021526170677039547,0.0016784555946613988,-0.011816950628321776,-0.011873740975490765,5.679034716898901e-05,0.0
2025-01-06,0.013982212848631194,0.013314866910650456,0.000667345937980738,0.000667345937980738,0.03751129114393592,0.03512765568535059,0.0023836354585853314,0.0,0.0,0.0,0.0
2025-01-07,0.004837740263435816,0.005163978202339135,-0.00032623793890331886,0.00032623793890331886,0.042530501290872325,0.04047303233594812,0.002057468954924202,0.0,0.0,0.0,0.0
2025-01-08,-0.006032719338063143,-0.005798818973757395,-0.00023390036430574832,0.00023390036430574832,0.0362412073752143,0.03443951757435548,0.001801689800858819,-0.006032719338063042,-0.005798818973757447,-0.0002339003643055948,0.0
2025-01-09,-0.005397882167201561,-0.005723554389689272,0.0003256722224877105,0.0003256722224877105,0.030647699441004095,0.028518846732674685,0.0021288527083294095,-0.011398037597130095,-0.011489183507654488,9.11459105243928e-05,0.0
2025-01-10,-0.0007468006347673162,-0.000567357529659684,-0.00017944310510763228,0.00017944310510763228,0.029878011084840006,0.027935308820584037,0.0019427022642559688,-0.012136326170184786,-0.012050022562541396,-8.630360764338985e-05,0.0
2025-01-13,-0.010121410871081678,-0.010845032189253593,0.0007236213181719148,0.0007236213181719148,0.019454192587557984,0.016787317307954464,0.00266687527960352,-0.022134900297632543,-0.022764371869223088,0.0006294715715905452,0.0
2025-01-14,0.0024455467726308706,0.002832535753070865,-0.0003869889804399944,0.0003869889804399944,0.021947315498085596,0.019667403737498423,0.002279911760587172,-0.019743485458986965,-0.019996317013367793,0.00025283155438082794,0.0
2025-01-15,-0.0029308162975797457,-0.0033337366451220134,0.0004029203475422677,0.0004029203475422677,0.018952175650555958,0.01626810114782229,0.0026840745027336688,-0.022616437227612418,-0.023263391203694916,0.0006469539760824983,0.0
2025-01-16,0.00906158343866554,0.009040354740639456,2.1228698026082987e-05,2.1228698026082987e-05,0.028185495810223227,0.02545552529379469,0.002729970516428537,-0.013759794521970292,-0.014433345772007056,0.0006735512500367635,0.0
2025-01-17,0.0020671223116038285,0.001956444930674903,0.00011067738092892555,0.00011067738092892555,0.03031088098907997,0.027461772557888287,0.0028491084311916826,-0.011721115388625969,-0.012505138887500489,0.0007840234988745198,0.0
2025-01-20,0.004518059044575851,0.004617376418654234,-9.931737407838266e-05,9.931737407838266e-05,0.03496588638365772,0.03220595031756579,0.002759936066091928,-0.007256013035444098,-0.007945503402257414,0.0006894903668133168,0.0
2025-01-21,0.0007173210800707602,0.0007890657931601702,-7.174471308941e-05,7.174471308941e-05,0.03570828923111491,0.03302042872445776,0.002687860506657147,-0.006543896846480823,-0.007162707134041324,0.0006188102875605006,0.0
2025-01-22,0.006368684414117198,0.006021503754337137,0.0003471806597800612,0.0003471806597800612,0.042304388470312926,0.03924076511432917,0.003063623355983758,-0.00021688844621758907,-0.0011843336476029531,0.000967445201385364,0.0
2025-02-03,-0.01698595729695042,-0.01711761569695375,0.00013165840000333232,0.00013165840000333232,0.024599850637332166,0.021451441080493794,0.003148409556838372,-0.01719916168528235,-0.018281676376320166,0.001082514691037817,0.06803158495044904
2025-02-04,0.0017930717558758231,0.0014833581211942599,0.00030971363468156325,0.00030971363468156325,0.026437031690584645,0.022966619371026065,0.00347041231955858,-0.01543692926044904,-0.01682543652824786,0.001388507267798822,0.0
2025-02-05,0.005923899677800329,0.005937229598885655,-1.3329921085326359e-05,1.3329921085326359e-05,0.0325175416918988,0.029040207062227763,0.003477334629671036,-0.009604476402920947,-0.01098810340913181,0.0013836270062108635,0.0
2025-02-06,0.001708879177572465,0.0017505406492427174,-4.166147167025246e-05,4.166147167025246e-05,0.03428198941937444,0.030841583774395165,0.003440405644979272,-0.007912010115084911,-0.009256797881565082,0.001344787766480171,0.0
2025-02-07,0.0021577012339662922,0.002585652871548474,-0.0004279516375821817,0.0004279516375821817,0.0365136609442136,0.0335069822755929,0.003006678668620699,-0.005771380635107182,-0.006695079876040455,0.0009236992409332734,0.0
2025-02-10,-0.003928581218713461,-0.004055605092019085,0.0001270238733056244,0.0001270238733056244,0.03244163284288826,0.029315486095638832,0.0031261467472494253,-0.009677288516251492,-0.010723532368022703,0.0010462438517712114,0.0
2025-02-11,0.0017665066525404506,0.002014908172473285,-0.0002484015199328343,0.0002484015199328343,0.03426544785566499,0.03138946228062611,0.002875985575038875,-0.007927876858253469,-0.008730231128555643,0.0008023542703021747,0.0
2025-02-12,-0.000416328975210224,-0.0007361340759401163,0.00031980510072989236,0.00031980510072989236,0.033834853181663904,0.030630221351875875,0.0032046318297880294,-0.008340905228615747,-0.009459938583871175,0.0011190333552554277,0.0
2025-02-13,-0.0012167171580608998,-0.0005509541683413332,-0.0006657629897195667,0.0006657629897195667,0.032576968577196386,0.03006239133540367,0.002514577241792715,-0.009547473864171208,-0.010005680759617275,0.0004582068954460672,0.0
2025-02-14,-0.004794121515556795,-0.004614154011585954,-0.00017996750397084125,0.00017996750397084125,0.02762666911567213,0.025309524820239515,0.002317144295432616,-0.014295823629856486,-0.01457366701918772,0.00027784338933123376,0.0
2025-02-17,0.005730889014813483,0.005736116789545316,-5.227774731832516e-06,5.227774731832516e-06,0.03351588350503665,0.031190820000041697,0.002325063504994951,-0.008646862393640986,-0.008921146485716291,0.00027428409207530535,0.0
2025-02-18,0.0017270906401354725,0.00165975597828894,6.73346618465325e-05,6.73346618465325e-05,0.03530085911386949,0.032902345128293486,0.0023985139855760007,-0.006934705668612096,-0.007276197433640164,0.000341491765028068,0.0
2025-02-19,-0.0012888029544032397,-0.00108984378563509,-0.0001989591687681497,0.0001989591687681497,0.03396656030794731,0.03177664292628757,0.002189917381659745,-0.008214571153861705,-0.008358111300719062,0.00014354014685735716,0.0
2025-02-20,-0.0008963458722033461,-0.0010445548251232055,0.00014820895291985938,0.00014820895291985938,0.033039768649619106,0.03069889565546946,0.0023408729941496453,-0.009103553929119323,-0.009393935620354288,0.0002903816912349644,0.0
2025-02-21,0.0025123431596209256,0.0026320633641004646,-0.00011972020447953901,0.00011972020447953901,0.03563511904600247,0.03341176045814298,0.002223358587859492,-0.006614082020940271,-0.00678659769004486,0.00017251566910458926,0.0
2025-02-24,-0.003125932759566391,-0.002675306908453002,-0.0004506258511133886,0.0004506258511133886,0.03239779330041914,0.030647066836112735,0.0017507264643064069,-0.009719339604842947,-0.009443748366812832,-0.0002755912380301151,0.0
2025-02-25,-0.004462231959443524,-0.0044689871698515805,6.7552104080562114e-06,6.7552104080562114e-06,0.027790994872294972,0.026041118317777112,0.0017498765545178596,-0.014138201616477164,-0.013870531546377629,-0.0002676700700995349,0.0
2025-02-26,0.0009548336960234721,0.0013123088615398435,-0.00035747516551637134,0.00035747516551637134,0.02877236434666841,0.02738760116964989,0.001384763177018522,-0.013196867551758418,-0.012576425106300304,-0.0006204424454581137,0.0
2025-02-27,-0.0037067223136750074,-0.004036073615839792,0.0003293513021647844,0.0003293513021647844,0.024958990868052533,0.023240989179328153,0.0017180016887243799,-0.01685467274200858,-0.016561739344586934,-0.00029293339742164637,0.0
2025-03-03,-0.008909251259060122,-0.008714526602292228,-0.00019472465676789383,0.00019472465676789383,0.015827373688176216,0.014323928358568994,0.0015034453296072225,-0.02561376148672101,-0.02513193822878068,-0.0004818232579403281,0.0057796682753929185
2025-03-04,-0.0024197301137347587,-0.0020742666525524096,-0.0003454634611823491,0.0003454634611823491,0.013369345601706772,0.012219950059088935,0.001149395542617837,-0.02797151321046043,-0.027154074539951,-0.0008174386705094294,0.0
2025-03-05,0.004869086644165825,0.004733922945075667,0.00013516369909015793,0.00013516369909015793,0.018303528747983133,0.01701172130613693,0.0012918074418462044,-0.023238622287684696,-0.022548696891392384,-0.0006899253962923124,0.0
2025-03-06,-0.00235716661252272,-0.0020787295894721444,-0.00027843702305057564,0.00027843702305057564,0.015903217668604253,0.01489762894821789,0.0010055887203863634,-0.025541011595629937,-0.024580553837432295,-0.0009604577581976415,0.0
2025-03-07,-0.003875511168957914,-0.004116143379940566,0.0002406322109826521,0.0002406322109826521,0.011966073401949329,0.010720164791505171,0.0012459086104441575,-0.029317538288882505,-0.028595520133419816,-0.0007220181554626892,0.0
2025-03-10,-0.0018273147903800585,-0.0018990928742414694,7.177808386141086e-05,7.177808386141086e-05,0.01011689282865924,0.008800713328697363,0.001316179499961878,-0.031091280707929658,-0.030440307459140725,-0.000650973248788933,0.0
2025-03-11,-0.0076801337103531925,-0.007780861802103965,0.00010072809175077236,0.00010072809175077236,0.0023590600286487184,0.0009513743924229878,0.0014076856362257306,-0.03853262922521972,-0.03798431743569153,-0.0005483117895281886,0.0
2025-03-12,0.0016531921872076814,0.0019935871265847277,-0.00034039493937704636,0.00034039493937704636,0.004016152195464917,0.002946858166749111,0.001069294028715806,-0.03694313887959977,-0.03606645535535857,-0.0008766835242411952,0.0
2025-03-13,-0.002779889968313649,-0.0027438678494542757,-3.6022118859373436e-05,3.6022118859373436e-05,0.0012250977659518103,0.00019490452791415258,0.0010301932380376577,-0.039620330986744,-0.038711361617519535,-0.000908969369224466,0.0
2025-03-14,-0.001527647491192244,-0.001344401407063657,-0.0001832460841285871,0.0001832460841285871,-0.0003044212427690818,-0.001149758909071097,0.0008453376663020151,-0.041087452578704164,-0.04000371941555525,-0.0010837331631489144,0.0
2025-03-17,0.003479376467042644,0.00331441714927172,0.00016495931777092384,0.00016495931777092384,0.003173896028165313,0.0021608474595546934,0.0010130485686106194,-0.037751034827254726,-0.03682189127994928,-0.0009291435473054444,0.0
2025-03-18,0.0017283563083258934,0.0020294447179021622,-0.00030108840957626887,0.00030108840957626887,0.004907737959713554,0.0041946774979197965,0.0007130604617937575,-0.036087925758118256,-0.03486717455480837,-0.0012207512033098888,0.0
2025-03-19,-0.004799028037532056,-0.004701863000155028,-9.716503737702831e-05,9.716503737702831e-05,8.515755011195836e-05,-0.0005269083011603115,0.0006120658512722699,-0.04071376682812067,-0.03940509687700422,-0.001308669951116448,0.0
2025-03-20,0.008233389642596553,0.007751664256384723,0.00048172538621183043,0.00048172538621183043,0.008319248327999684,0.0072206715389797616,0.0010985767890199227,-0.032815589491637764,-0.0319588877016006,-0.0008567017900371621,0.0
2025-03-21,-0.0028849920875142205,-0.0026792900782432213,-0.00020570200927099921,0.00020570200927099921,0.005410255274885145,0.004522035187124018,0.0008882200877611268,-0.03560590886312154,-0.03455255064911311,-0.0010533582140084263,0.0
2025-03-24,-0.0009206631704821159,-0.0009343934934389262,1.3730322956810267e-05,1.3730322956810267e-05,0.0044846110816285645,0.003583416333429179,0.0009011947481993854,-0.03649379098466177,-0.03545465846404372,-0.0010391325206180468,0.0
2025-03-25,0.004544070074551796,0.00431348143000326,0.0002305886445485364,0.0002305886445485364,0.009049059543192461,0.007912354763242702,0.0011367047799497598,-0.0321155512536303,-0.03129411004493221,-0.0008214412086980927,0.0
2025-03-26,-0.0003533471772486937,-0.00023249319896603165,-0.00012085397828266205,0.00012085397828266205,0.008692514906297522,0.007678021995606521,0.0010144929106910006,-0.03245755049149757,-0.03151932757614495,-0.0009382229153526156,0.0
2025-03-27,-0.0076645969476228796,-0.0077386742481054755,7.407730048259592e-05,7.407730048259592e-05,0.0009612933354565811,-0.00012006996359270605,0.0010813632990492872,-0.039873373396696166,-0.03901408401561923,-0.0008592893810769331,0.0
2025-03-28,-0.004238198275369043,-0.004675039116128923,0.0004368408407598801,0.0004368408407598801,-0.003280979091668912,-0.004794547747945077,0.0015135686562761652,-0.043942580409702114,-0.04350673076289513,-0.000435849646806985,0.0
2025-03-31,-0.013814222585889971,-0.014335448244821171,0.0005212256589311997,0.0005212256589311997,-0.017049877502086863,-0.019061264001668188,0.0020113864995813246,-0.05714977040881408,-0.05721849052056338,6.87201117492986e-05,0.0
2025-04-01,0.008376114344518435,0.00866105524630358,-0.0002849409017851457,0.0002849409017851457,-0.008816574881085892,-0.010565299415947416,0.0017487245348615232,-0.04925234907600273,-0.049053007781768465,-0.0001993412942342676,0.008665206384343208
2025-04-02,-0.00010220927646851415,-0.00027950469759283026,0.0001772954211243161,0.0001772954211243161,-0.008917883021814954,-0.010841851062722063,0.0019239680409071092,-0.049349524305507986,-0.04931880193325533,-3.072237225265617e-05,0.0
2025-04-07,-0.03995992271538621,-0.03996358819771807,3.665482331861869e-06,3.665482331861869e-06,-0.04852144782086454,-0.05037215998926847,0.001850712168403934,-0.08733744384360498,-0.08731143384010787,-2.6010003497112244e-05,0.0
2025-04-08,-0.01416847135911074,-0.015677885745189073,0.001509414386078333,0.001509414386078333,-0.062002444436222715,-0.06526031676540733,0.003257872329184619,-0.10026847713103959,-0.10162046090130306,0.0013519837702634652,0.0
2025-04-09,-0.018360027356048227,-0.019297252519573573,0.0009372251635253459,0.0009372251635253459,-0.0792241052162801,-0.08329822447285151,0.004074119256571418,-0.11678757250401262,-0.11895671772570882,0.0021691452216962004,0.0
2025-04-10,0.039879797258058076,0.03987696421057188,2.8330474861962274e-06,2.8330474861962274e-06,-0.04250374921219835,-0.04674294057838779,0.004239191366189443,-0.08156523995967535,-0.08382338629049213,0.0022581463308167793,0.0
2025-04-11,0.00936620119474716,0.011048191693779562,-0.0016819904990324017,0.0016819904990324017,-0.033535646684103804,-0.03621117385244932,0.002675527168345515,-0.07296299521288852,-0.07370129143687176,0.000738296223983248,0.0
2025-04-14,-0.002383660310334035,-0.0013273129904949111,-0.001056347319839124,0.001056347319839124,-0.035839369404455534,-0.03749042328148877,0.0016510538770332372,-0.07517273652741041,-0.07493077974582629,-0.00024195678158411837,0.0
2025-04-15,0.004270188444159899,0.004298046390323559,-2.785794616365963e-05,2.785794616365963e-05,-0.03172222182137263,-0.033353512469621927,0.001631290648249295,-0.07122354983408585,-0.07095478932291344,-0.00026876051117241673,0.0
2025-04-16,-0.0072228342999902375,-0.0071670826521875956,-5.5751647802641975e-05,5.5751647802641975e-05,-0.038715931769519596,-0.040281547741198964,0.0015656159716793683,-0.07793194823536742,-0.07761333313545515,-0.0003186150999122672,0.0
2025-04-17,-0.00314659148970051,-0.0030066530580326336,-0.0001399384316678764,0.0001399384316678764,-0.041740700037798284,-0.04316708816053316,0.0014263881227348785,-0.08083331971997476,-0.08038662982807188,-0.000446689891902885,0.0
2025-04-18,0.001063043475487951,0.0013081564588154867,-0.00024511298332753574,0.00024511298332753574,-0.04072202874114783,-0.04191540100690305,0.0011933722657552215,-0.07985620557761719,-0.07918363165826825,-0.00067257391934894,0.0
2025-04-21,-0.0059896706445884676,-0.005904083475456625,-8.55871691318429e-05,8.55871691318429e-05,-0.04646778784559735,-0.0475720124559077,0.0011042246103103448,-0.08536756385186917,-0.08462020836252471,-0.0007473554893444589,0.0
2025-04-22,-0.006388616002224005,-0.006531600212223774,0.00014298420999976982,0.00014298420999976982,-0.05255953899480292,-0.053792891301478574,0.0012333523066756502,-0.09121079926959808,-0.09059910320384945,-0.0006116960657486237,0.0
2025-04-23,0.017149159781663478,0.017323842381273886,-0.00017468259961040886,0.00017468259961040886,-0.03631173114541186,-0.03740094849034459,0.0010892173449327247,-0.07562582805842222,-0.07484478540636386,-0.0007810426520583613,0.0
2025-04-24,-0.0024492246071368784,-0.0028407321319684122,0.00039150752483153384,0.00039150752483153384,-0.0386720201670997,-0.04013543454617041,0.0014634143790707155,-0.07788982802654332,-0.07747290355151815,-0.00041692447502517105,0.0
2025-04-25,0.00956578905797372,0.009908940132552349,-0.0003431510745786296,0.0003431510745786296,-0.029476159496490184,-0.030624194031730112,0.001148034535239928,-0.06906911663323334,-0.0683316377821529,-0.000737478851080442,0.0
2025-04-28,0.002899380538482826,0.0027635716554548504,0.00013580888302797568,0.00013580888302797568,-0.02666224156120056,-0.027945254530872488,0.0012830129696719261,-0.066369993747327,-0.06575690550404356,-0.0006130882432834328,0.0
2025-04-29,0.0019774957922728863,0.0020643894257633298,-8.689363349044348e-05,8.689363349044348e-05,-0.024737470239427517,-0.02593855499306308,0.0012010847536355618,-0.06452374433842267,-0.0638282639386738,-0.0006954803997488712,0.0
2025-04-30,0.0007279968009106805,8.127764126037785e-05,0.0006467191596503027,0.0006467191596503027,-0.024027482237713782,-0.025859385576370242,0.0018319033386564598,-0.06384272061697316,-0.06375217410815215,-9.054650882101001e-05,0.0
2025-05-02,0.011819652039723296,0.01149306570832096,0.00032658633140233637,0.00032658633140233637,-0.012491826677430873,-0.01466352348565525,0.002171696808224377,-0.05277766732021172,-0.05299181632590444,0.00021414900569272088,0.010428273494185684
2025-05-05,-0.004411535162663023,-0.004379165454408816,-3.236970825420699e-05,3.236970825420699e-05,-0.01684825370746046,-0.01897847494457583,0.0021302212371153706,-0.05695637194768821,-0.057138921848892466,0.00018254990120425418,0.0
2025-05-06,-0.0017366999577919373,-0.0013578698439128732,-0.0003788301138790641,0.0003788301138790641,-0.018555693303749732,-0.02031057448967799,0.0017548811859282587,-0.058594155776722556,-0.05841920447391302,-0.00017495130280953397,0.0
2025-05-07,-0.0006868476708657925,-0.0006838969498373264,-2.950721028466036e-06,2.950721028466036e-06,-0.019229796039888503,-0.02098058109957235,0.001750785059683846,-0.059240758188166764,-0.05906314870799878,-0.00017760948016798395,0.0
2025-05-08,0.00507489760359731,0.005095144281617319,-2.0246678020008867e-05,2.0246678020008867e-05,-0.01425248768213172,-0.015992335905769428,0.0017398482236377077,-0.05446650136633391,-0.054268939690775175,-0.00019756167555873283,0.0
2025-05-09,0.004320280354951568,0.004344932527974856,-2.4652173023287545e-05,2.4652173023287545e-05,-0.009993782069722457,-0.011716888998269726,0.0017231069285472689,-0.050381531567238236,-0.050159802044121404,-0.00022172952311683147,0.0
2025-05-12,0.004257268126998362,0.004210393327006348,4.6874799992014174e-05,4.6874799992014174e-05,-0.00577906015259777,-0.007555828382515006,0.001776768229917236,-0.046338751128770506,-0.046160601212925534,-0.00017814991584497175,0.0
2025-05-13,0.005349524831382745,0.005618600622026865,-0.0002690757906441202,0.0002690757906441202,-0.00046045054700327714,-0.0019796809425379758,0.0015192303955346986,-0.0412371165972063,-0.04080135857358669,-0.0004357580236196146,0.0
2025-05-14,0.008702959707594165,0.008748929588475951,-4.596988088178579e-05,4.596988088178579e-05,0.0082385018780331,0.006751928556764097,0.0014865733212690024,-0.03289304185381481,-0.032409397198385204,-0.0004836446554296048,0.0
2025-05-15,-0.0006292945234898892,-0.0008637768028701985,0.0002344822793803093,0.0002344822793803093,0.007604022910429498,0.005882319594632035,0.0017217033157974626,-0.03350163696620534,-0.03324517951576034,-0.00025645745044500234,0.0
2025-05-16,0.0006396710629108523,0.0005529249422558983,8.674612065495398e-05,8.674612065495398e-05,0.008248558046757948,0.0064384970181101675,0.0018100610286477803,-0.03288339593102174,-0.03271063666246843,-0.00017275926855331303,0.0
2025-05-19,-0.0053822575293421045,-0.005688049794678664,0.0003057922653365592,0.0003057922653365592,0.0028219046537625303,0.000713824731789714,0.0021080799219728164,-0.03808866655502374,-0.038212626726995214,0.00012396017197147113,0.0
2025-05-20,0.0005278729310130293,0.0005463155919904994,-1.8442660977470047e-05,1.8442660977470047e-05,0.0033512671918560777,0.0012605302973611732,0.0020907368944949045,-0.03758089960006361,-0.03768718728879661,0.00010628768873299776,0.0
2025-05-21,0.005401045855020408,0.005545117839255816,-0.0001440719842354084,0.0001440719842354084,0.008770413394652232,0.0068126379256558955,0.0019577754689963367,-0.03238282990705599,-0.03235104934408717,-3.178056296881948e-05,0.0
2025-05-22,-0.004456433660012621,-0.0044055836013805055,-5.085005863211551e-05,5.085005863211551e-05,0.004274894969175547,0.002377040678347875,0.0018978542908276719,-0.03669495163386427,-0.036614107692990006,-8.08439408742645e-05,0.0
2025-05-23,-0.0010175377671225994,-0.0009807600998660627,-3.677766725653669e-05,3.677766725653669e-05,0.0032530073349714694,0.0013939492718286761,0.0018590580631427933,-0.037675150901836485,-0.03755895813693866,-0.0001161927648978267,0.0
2025-05-26,-0.0006175869717272122,-0.0007600174573985056,0.00014243048567129336,0.00014243048567129336,0.0026334113482953114,0.0006328723886488419,0.0020005389596464696,-0.038269470191208854,-0.0382904301304714,2.0959939262543692e-05,0.0
2025-05-27,-0.003982965207426691,-0.0038334697998765616,-0.00014949540755012942,0.00014949540755012942,-0.0013600426449085212,-0.0032030235084167247,0.0018429808635082034,-0.0421000094303573,-0.0419771147228184,-0.00012289470753890086,0.0
2025-05-28,0.0018242140609555295,0.0018901327340680055,-6.591867311247601e-05,6.591867311247601e-05,0.0004616904071306216,-0.0013189449139300313,0.001780635321060653,-0.040352594798571007,-0.04016632430736977,-0.00018627049120123473,0.0
2025-05-29,0.0004249168584965723,0.0007638325617647332,-0.00033891570326816095,0.00033891570326816095,0.0008868034456646079,-0.0005561198052377314,0.0014429232509023393,-0.03994482443788838,-0.03943317209199748,-0.0005116523458909006,0.0
2025-06-02,-0.008236741426320453,-0.00826145183070809,2.4710404387636928e-05,2.4710404387636928e-05,-0.007357242351333726,-0.008812977278962797,0.001455734927629071,-0.04785255067399419,-0.04736884867093549,-0.0004837020030586947,0.014068890350699054
2025-06-03,0.0023899135407270673,0.0024959340239794053,-0.00010602048325233796,0.00010602048325233796,-0.004984911983724527,-0.0063390398648265345,0.0013541278811020074,-0.04557700059208125,-0.04499114416803063,-0.0005858564240506237,0.0
2025-06-04,0.009854195707388831,0.00953941188286853,0.00031478382452030176,0.00031478382452030176,0.004820161425392433,0.003139901305829307,0.0016802601195631262,-0.036171929568282746,-0.03588092134046261,-0.00029100822782013314,0.0
2025-06-05,0.0009382084606221573,0.0009012710036475802,3.693745697457712e-05,3.693745697457712e-05,0.005762892202245462,0.004044002211478048,0.0017188899907674138,-0.03526765791801856,-0.03501198877080347,-0.0002556691472150874,0.0
2025-06-06,0.0007901745487500435,0.0007101545341409687,8.002001460907478e-05,8.002001460907478e-05,0.006557620441740797,0.00475702861212568,0.0018005918296151169,-0.034505350974949445,-0.03432669815923728,-0.00017865281571216585,0.0
2025-06-09,0.0034902914323987943,0.0034075997407422,8.269169165659417e-05,8.269169165659417e-05,0.010070799880584458,0.00818083840233319,0.0018899614782512675,-0.031135493273430348,-0.031036070066243093,-9.942320718725473e-05,0.0
2025-06-10,0.023170757254230227,0.009897843715835512,0.013272913538394715,0.013272913538394715,0.0334749051942036,0.018159654778139522,0.015315250416064075,-0.008686168975829522,-0.021445416521477023,0.0127592475456475,0.0
2025-06-11,0.005809306112576067,0.0029404869631736506,0.002868819149402416,0.002868819149402416,0.03947867727814236,0.021153539969444024,0.018325137308698336,-0.0029273234777794643,-0.01856798952600458,0.015640666048225116,0.0
2025-06-12,-0.0028608220428171962,-0.0015722145247641203,-0.001288607518053076,0.001288607518053076,0.03650491376514653,0.019548067541889758,0.016956846223256772,-0.005779770969065012,-0.02011101118794023,0.014331240218875219,0.0
2025-06-13,-0.007284484773466654,-0.0036168728546219575,-0.003667611918844697,0.003667611918844697,0.028954509503200887,0.015860491812415223,0.013094017690785664,-0.013022153088913413,-0.023655145072117523,0.01063299198320411,0.0
2025-06-16,0.0016031568344367412,0.0007915371273910653,0.0008116197070456759,0.0008116197070456759,0.030604084957435607,0.016664583107934394,0.013939501849501212,-0.011439872808200136,-0.022882331870304973,0.011442459062104837,0.0
2025-06-17,0.0024259955334340723,0.0012639328494770462,0.0011620626839570262,0.0011620626839570262,0.03310432586428114,0.017949578871424343,0.015154746992856793,-0.00904163035510197,-0.021647320751751464,0.012605690396649494,0.0
2025-06-18,0.007410747853314952,0.0031372355436398718,0.004273512309675081,0.004273512309675081,0.04076040152943028,0.021143126471893092,0.019617275057537187,-0.001697887744531501,-0.0185779979521985,0.016880110207667,0.0
2025-06-19,-0.009395979716742033,-0.004061053082030929,-0.005334926634711103,0.005334926634711103,0.030981437906671516,0.016996210030939762,0.013985227875731754,-0.011077914142464507,-0.022563604798387704,0.011485690655923197,0.0
2025-06-20,-0.0015540765846977565,-0.000628695385715286,-0.0009253811989824706,0.0009253811989824706,0.029379213794762826,0.016356829206403356,0.01302238458835947,-0.012614774800186135,-0.023178114549881168,0.010563339749695033,0.0
2025-06-23,-0.006548765784777438,-0.0024894307595848754,-0.004059335025192562,0.004059335025192562,0.022638050419902633,0.013826679253062801,0.008811371166839832,-0.019080929379369338,-0.025609844998156328,0.00652891561878699,0.0
2025-06-24,0.01749651037313981,0.007158872370957072,0.01033763800218274,0.01033763800218274,0.04053064767704173,0.021084535056106635,0.019446112620935097,-0.001918268685045077,-0.0186343102389811,0.016716041553936023,0.0
2025-06-25,0.012507373000654796,0.004979292410415432,0.007528080590239364,0.007528080590239364,0.05354495260615155,0.026168813531904256,0.027376139074247297,0.0,-0.013747803508111778,0.013747803508111778,0.0
2025-06-26,0.0006787344874600632,0.0002920053258616736,0.00038672916159838955,0.00038672916159838955,0.05426002989957501,0.026468460290688833,0.02779156960888618,0.0,-0.013459812614093236,0.013459812614093236,0.0
2025-06-27,0.0015895275218175656,0.0006310852952344293,0.0009584422265831363,0.0009584422265831363,0.05593580523225272,0.027116249442000306,0.028819555790252416,0.0,-0.012837221608676175,0.012837221608676175,0.0
2025-06-30,0.00045502730444704276,0.000268831444587932,0.00018619585985911078,0.00018619585985911078,0.05641628485537664,0.027392370587097536,0.029023914268279105,0.0,-0.012571841212917767,0.012571841212917767,0.0
2025-07-01,0.003407284420910657,0.0026558958304851803,0.0007513885904254767,0.0007513885904254767,0.06001579560476089,0.03012101770041209,0.0298947779043488,0.0,-0.009949334883091465,0.009949334883091465,0.01563686734933948
2025-07-02,0.0006485807655637653,0.0005892484450462669,5.933232051749844e-05,5.933232051749844e-05,0.060703301460983905,0.03072801490830157,0.029975286552682334,0.0,-0.009365949068154245,0.009365949068154245,0.0
2025-07-03,0.006336204671898151,0.004418084792571931,0.0019181198793262197,0.0019181198793262197,0.06742413467519892,0.03528185867624578,0.03214227599895314,0.0,-0.004989243832728363,0.004989243832728363,0.0
2025-07-04,-0.004523458913009713,-0.003097593170010289,-0.0014258657429994243,0.0014258657429994243,0.06259568545924066,0.03207497666177472,0.030520708797465934,-0.004523458913009759,-0.008071382355118839,0.00354792344210908,0.0
2025-07-07,-0.0027310132585264667,-0.0019326901726848806,-0.0007983230858415861,0.0007983230858415861,0.05969372255379857,0.030080295496906606,0.02961342705689196,-0.0072421185452703485,-0.009988473046446011,0.002746354501175663,0.0
2025-07-08,-0.0025630431568553383,-0.001655105747985334,-0.0009079374088700042,0.0009079374088700042,0.05697768180984464,0.0283754036789432,0.028602278130901437,-0.009786599839746946,-0.011627046815278597,0.001840446975531651,0.0
2025-07-09,0.005416085956837132,0.003902197523524464,0.0015138884333126684,0.0015138884333126684,0.0627023637889852,0.0323883276324326,0.030314036156552593,-0.004423518948867056,-0.007770220325042598,0.0033467013761755426,0.0
2025-07-10,0.0060961411083652545,0.004268018398628051,0.0018281227097372036,0.0018281227097372036,0.06918074735483626,0.03679458000929681,0.03238616734553945,0.0,-0.003535365369723098,0.003535365369723098,0.0
2025-07-11,0.002350175509770971,0.001629501755023369,0.0007206737547476021,0.0007206737547476021,0.07169350976278821,0.03848403859702065,0.03320947116576756,0.0,-0.0019116244987743558,0.0019116244987743558,0.0
2025-07-14,-0.0038451990340037235,-0.0029220773223515837,-0.0009231217116521398,0.0009231217116521398,0.06757263491430021,0.03544950793821222,0.03212312697608799,-0.003845199034003821,-0.004828115906529207,0.0009829168725253856,0.0
2025-07-15,0.007585888472370605,0.005427318341011744,0.0021585701313588616,0.0021585701313588616,0.07567112185891478,0.041069222043836895,0.034601899815077886,0.0,0.0,0.0,0.0
2025-07-16,0.005454583283081081,0.0041472399431756535,0.0013073433399054275,0.0013073433399054275,0.08153845957829953,0.04538678590510803,0.0361516736731915,0.0,0.0,0.0,0.0
2025-07-17,0.0018220728645095253,0.000891200861575725,0.0009308720029338002,0.0009308720029338002,0.08350910145742052,0.046318435509386635,0.037190665948033885,0.0,0.0,0.0,0.0
2025-07-18,0.0076542095339431305,0.005275165079031708,0.002379044454911422,0.002379044454911422,0.09180250715190996,0.051837937981932924,0.03996456916997704,0.0,0.0,0.0,0.0
2025-07-21,-0.0020768072399194996,-0.0013813521419050322,-0.0006954550980144674,0.0006954550980144674,0.08953504380049448,0.050384979393364615,0.03915006440712987,-0.0020768072399196535,-0.0013813521419050456,-0.0006954550980146079,0.0
2025-07-22,-0.0038928036258199165,-0.0029115309459897933,-0.0009812726798301232,0.0009812726798301232,0.08529369783153018,0.047326751020657865,0.037966946810872315,-0.005961526262985739,-0.004288861238386454,-0.0016726650245992847,0.0
2025-07-23,0.0025345072286359236,0.0019509188493501421,0.0005835883792857815,0.0005835883792857815,0.08804438255387725,0.049370000520652546,0.03867438203322471,-0.0034421285657569856,-0.0023463096092687374,-0.0010958189564882481,0.0
2025-07-24,0.0030191142890785535,0.0022773627659393343,0.0007417515231392191,0.0007417515231392191,0.09132931289639723,0.051759796687532056,0.039569516208865174,-0.0004334064562162565,-7.42902414708757e-05,-0.0003591162147453808,0.0
2025-07-25,-0.0012951152827072117,-0.000984609679998361,-0.0003105056027088507,0.0003105056027088507,0.08991591562479884,0.050724223810680424,0.03919169181411841,-0.001727960427598263,-0.0010588267745782476,-0.0006691336530200154,0.0
2025-07-28,0.0019516579148639239,0.0015646125648732456,0.0003870453499906783,0.0003870453499906783,0.09204305864806428,0.05236820013347132,0.03967485851459296,0.0,0.0,0.0,0.0
2025-07-29,-0.006553144188103444,-0.004605867160685189,-0.001947277027418255,0.001947277027418255,0.08488674302512589,0.04752113199952723,0.037365611025598655,-0.006553144188103599,-0.004605867160685118,-0.0019472770274184814,0.0
2025-07-30,0.005858097283597513,0.004078799930347195,0.0017792973532503179,0.0017792973532503179,0.09124211510745228,0.05179376111976408,0.0394483539876882,-0.0007334358606734259,-0.0005458536409921333,-0.00018758221968129263,0.0
2025-07-31,0.0064984900841331735,0.004824046255183691,0.0016744438289494823,0.0016744438289494823,0.09833354117186666,0.056867662874319436,0.04146587829754722,0.0,0.0,0.0,0.0
2025-08-01,-0.003927992389186823,-0.003659451422593492,-0.00026854096659333125,0.00026854096659333125,0.094019295381355,0.05300010700192104,0.04101918837943397,-0.00392799238918673,-0.003659451422593385,-0.0002685409665933447,0.010894542501117358
2025-08-04,-0.0021609202491159516,-0.002058639853246245,-0.00010228039586970654,0.00010228039586970654,0.09165520693304186,0.05083235901617433,0.04082284791686752,-0.006080424560010567,-0.0057105577833000964,-0.0003698667767104702,0.0
2025-08-05,0.005262516937718718,0.005419788261054652,-0.00015727132333593404,0.00015727132333593404,0.0974000609496759,0.05652764789990661,0.040872413049769296,-0.0008499059595273861,-0.00032171953628334915,-0.000528186423244037,0.0
2025-08-06,-0.0034593043140504036,-0.0033242123131734377,-0.00013509200087696589,0.00013509200087696589,0.09360382018459346,0.053015525683549614,0.04058829450104384,-0.0043062701902254474,-0.0036448623854128392,-0.0006614078048126082,0.0
2025-08-07,0.011810185054863828,0.011571221105220172,0.0002389639496436554,0.0002389639496436554,0.1065194836776795,0.06520020115846359,0.041319282519215905,0.0,0.0,0.0,0.0
2025-08-08,-0.00025670469979667586,-0.00022133168507890448,-3.537301471777138e-05,3.537301471777138e-05,0.10623543492580279,0.06496443860299483,0.04127099632280795,-0.0002567046997967726,-0.0002213316850788738,-3.5373014717898776e-05,0.0
2025-08-11,0.002838330191709486,0.0029396181018767125,-0.00010128791016722656,0.00010128791016722656,0.10937529635989152,0.0680950273445673,0.04128026901532422,0.0,0.0,0.0,0.0
2025-08-12,0.0004015957536608832,0.0003380672726472666,6.352848101361661e-05,6.352848101361661e-05,0.10982081676812605,0.06845611531738971,0.04136470145073634,0.0,0.0,0.0,0.0
2025-08-13,0.003277700992037448,0.0032020038236005286,7.569716843691936e-05,7.569716843691936e-05,0.11345847756023075,0.07187731588398538,0.04158116167624537,0.0,0.0,0.0,0.0
2025-08-14,-0.0016521284882349664,-0.0015370577901505304,-0.00011507069808443606,0.00011507069808443606,0.11161890108898675,0.07022977850552015,0.04138912258346661,-0.0016521284882349274,-0.0015370577901506755,-0.00011507069808425197,0.0
2025-08-15,7.448106736460401e-05,0.00041695871645938004,-0.000342477649094776,0.000342477649094776,0.11170169565124244,0.07067602014028229,0.04102567551096015,-0.0015777704731636533,-0.001120739963334727,-0.00045703050982892623,0.0
2025-08-18,0.0012483239361739435,0.0014010297735813624,-0.00015270583740741896,0.00015270583740741896,0.11308945948780913,0.07217606912235852,0.04091339036545061,-0.00033141610563713897,0.0,-0.00033141610563713897,0.0
2025-08-19,-0.0008955626330619886,-0.0011793728111457948,0.0002838101780838062,0.0002838101780838062,0.11209261816063676,0.07091157381767443,0.041181044342962325,-0.0012266819348187852,-0.0011793728111457735,-4.7309123673011655e-05,0.0
2025-08-20,-0.011339671568600617,-0.01139414987955461,5.447831095399362e-05,5.447831095399362e-05,0.09948185311683,0.05870944683784618,0.04077240627898382,-0.012552443333159413,-0.012560084740126265,7.641406966851783e-06,0.0
2025-08-21,0.0026694457387252267,0.002894811965603811,-0.00022536622687858434,0.00022536622687858434,0.10241686026443841,0.061774211612650065,0.04064264865178835,-0.00991650566080049,-0.009701631858117343,-0.0002148738026831465,0.0
2025-08-22,-0.00201552560382625,-0.001934199648478463,-8.132595534778714e-05,8.132595534778714e-05,0.10019491085648569,0.059720528305785336,0.04047438255070035,-0.011912044293566959,-0.011617066613666127,-0.0002949776799008319,0.0
2025-08-25,0.007810080573261408,0.007910167512238588,-0.00010008693897717996,0.00010008693897717996,0.10878752175656703,0.06810309520084212,0.040684426555724906,-0.004194997746030493,-0.003798792044342525,-0.0003962057016879683,0.0
2025-08-26,0.00010466854206160022,0.00014049486660131584,-3.582632453971562e-05,3.582632453971562e-05,0.10890357692992536,0.06825315820271882,0.04065041872720654,-0.004090768288266933,-0.0036588308885227017,-0.00043193739974423107,0.0
2025-08-27,0.0025028681758202972,0.0027857605685103967,-0.0002828923926900995,0.0002828923926900995,0.11167901640267663,0.07122905572802662,0.04044996067465001,-0.0015981387662099555,-0.0008832629468283892,-0.0007148758193815663,0.0
2025-08-28,-0.0037820308830891964,-0.0036052748232834747,-0.0001767560598057217,0.0001767560598057217,0.10747461203055964,0.0673669805834407,0.04010763144711893,-0.00537412543912974,-0.00448535336444722,-0.0008887720746825201,0.0
2025-08-29,-0.0005922284516080874,-0.0007770385129875608,0.00018481006137947343,0.00018481006137947343,0.10681873405588149,0.06653759533203618,0.04028113872384531,-0.005963171180750293,-0.005258906585126288,-0.0007042645956240046,0.0
2025-09-01,-0.0038777780188549446,-0.004256947650645687,0.0003791696317907425,0.0003791696317907425,0.10252673669810286,0.061997400621262244,0.040529336076840616,-0.009817825345477704,-0.009493467345739304,-0.0003243579997384005,0.006298821048274027
2025-09-02,-3.0170888313876536e-05,-5.6167754899731944e-05,2.599686658585541e-05,2.599686658585541e-05,0.10249347248706675,0.06193775061155993,0.04055572187550682,-0.00984770002127977,-0.00954910187389213,-0.0002985981473876409,0.0
2025-09-03,-0.00027032352712246893,-0.00012430950027432307,-0.00014601402684814586,0.00014601402684814586,0.10219544256295454,0.061805741660458935,0.04038970090249561,-0.010115361483398422,-0.009672224330084411,-0.0004431371533140105,0.0
2025-09-04,0.002597319102470392,0.002529190790858403,6.812831161198902e-05,6.812831161198902e-05,0.10505819584057918,0.06449125096394726,0.04056694487663193,-0.007544315202537177,-0.0071674964399287555,-0.00037681876260842184,0.0
2025-09-05,0.009636467563693091,0.004203453961042899,0.005433013602650192,0.005433013602650192,0.11570705330079001,0.0689657909293071,0.046741262371482906,0.0,-0.0029941707201870393,0.0029941707201870393,0.0
2025-09-08,0.009081296323787316,0.0037390269126592064,0.005342269411128109,0.005342269411128109,0.12583911966235406,0.07296268279030382,0.052876436872050236,0.0,0.0,0.0,0.0
2025-09-09,0.010037567836524944,0.003961257992881356,0.0060763098436435875,0.0060763098436435875,0.1371398061989786,0.07721296479357043,0.05992684140540816,0.0,0.0,0.0,0.0
2025-09-10,0.01937405749476935,0.007924666966569923,0.011449390528199427,0.011449390528199427,0.15917081818386847,0.08574951879163106,0.0734212993922374,0.0,0.0,0.0,0.0
2025-09-11,0.008115960896549658,0.003448011230041175,0.004667949666508483,0.004667949666508483,0.1685786032166703,0.08949319532543654,0.07908540789123375,0.0,0.0,0.0,0.0
2025-09-12,0.008568327353214514,0.003588475139014829,0.004979852214199685,0.004979852214199685,0.17859136722699276,0.09340281457098754,0.08518855265600522,0.0,0.0,0.0,0.0
2025-09-15,-0.0004959519096065264,-0.000249918680326899,-0.0002460332292796274,0.0002460332292796274,0.17800684258777077,0.09312955278250423,0.08487728980526654,-0.0004959519096064957,-0.00024991868032686604,-0.00024603322927962967,0.0
2025-09-16,0.012522923742788735,0.005225195445142306,0.007297728297646429,0.007297728297646429,0.19275893244598064,0.09884136834265389,0.09391756410332674,0.0,0.0,0.0,0.0
2025-09-17,-0.006815273879870491,-0.002818234433202444,-0.003997039446668047,0.003997039446668047,0.18462995364869927,0.09574457576176343,0.08888537788693585,-0.006815273879870576,-0.0028182344332023934,-0.0039970394466681824,0.0
2025-09-18,0.010469256562243637,0.0042537252471266575,0.006215531315116979,0.006215531315116979,0.19703214856476636,0.10040557212808321,0.09662657643668315,0.0,0.0,0.0,0.0
2025-09-19,-0.0005719323461178469,-0.00010623870011132282,-0.0004656936460065241,0.0004656936460065241,0.1963475271596593,0.10028866647050516,0.09605886068915415,-0.0005719323461177428,-0.000106238700111283,-0.0004656936460064598,0.0
2025-09-22,0.006072288656904462,0.002672565778499119,0.003399722878405343,0.003399722878405343,0.20361209467854668,0.10322926030698465,0.10038283437156204,0.0,0.0,0.0,0.0
2025-09-23,0.016776158354746495,0.006953952000934191,0.009822206353812304,0.009822206353812304,0.22380408177656208,0.11090106362918561,0.11290301814737647,0.0,0.0,0.0,0.0
2025-09-24,-0.0003002783021933009,0.0002013210047152557,-0.0005015993069085567,0.0005015993069085567,0.22343659996466902,0.1111247113474545,0.11231188861721453,-0.0003002783021932576,0.0,-0.0003002783021932576,0.0
2025-09-25,-0.003059695400847139,-0.0012967346592604645,-0.0017629607415866747,0.0017629607415866747,0.21969325662652905,0.1096838774234894,0.11000937920303966,-0.0033590549429002303,-0.0012967346592605011,-0.002062320283639729,0.0
2025-09-26,-0.01725433342634798,-0.007103601743076376,-0.010150731683271606,0.010150731683271606,0.19864826249882683,0.10180112509756012,0.09684713740126671,-0.020555430115265838,-0.008391124915751114,-0.012164305199514724,0.0
2025-09-30,0.010462866190906726,0.004390891023499633,0.006071975167407093,0.006071975167407093,0.2111895588793149,0.10663901376743268,0.10455054511188222,-0.010307632639151687,-0.0040370784073212596,-0.0062705542318304275,0.0
2025-10-01,0.0017914152315059422,0.0014393710310998328,0.0003520442004061094,0.0003520442004061094,0.21335930230333222,0.1082318779057343,0.10512742439759792,-0.008534682657756365,-0.002603518229931212,-0.005931164427825153,0.007531564991891431
2025-10-02,0.010667339012187483,0.007697189624605669,0.002970149387581814,0.002970149387581814,0.226302617324593,0.1167621488180075,0.1095404685065855,0.0,0.0,0.0,0.0
2025-10-03,0.007892048846066044,0.005604900696765141,0.0022871481493009034,0.0022871481493009034,0.2359806574805774,0.12302148976403848,0.11295916771653891,0.0,0.0,0.0,0.0
2025-10-07,0.014365116744028805,0.010354855265544907,0.004010261478483898,0.004010261478483898,0.25373566391864744,0.13465021475064165,0.11908544916800579,0.0,0.0,0.0,0.0
2025-10-08,-0.005340815708397081,-0.0038349507855119794,-0.0015058649228851017,0.0015058649228851017,0.2470396927906131,0.1302988870183024,0.11674080577231072,-0.005340815708397062,-0.0038349507855118814,-0.0015058649228851806,0.0
2025-10-09,0.004652920216202567,0.003376360591404853,0.0012765596247977136,0.0012765596247977136,0.25284206898760564,0.13411518363693964,0.118726885350666,-0.0007127458815751053,-0.00047153837080937677,-0.00024120751076572855,0.0
2025-10-13,-0.006084231285043543,-0.004482168365952084,-0.0016020629190914596,0.0016020629190914596,0.2452194880762526,0.12903188843749613,0.11618759963875647,-0.006792640655827631,-0.004951593222392581,-0.0018410474334350502,0.0
2025-10-14,-0.001940688310854274,-0.0014131163813053435,-0.0005275719295489306,0.0005275719295489306,0.242802905171295,0.12743643498092894,0.11536647019036605,-0.008720146568361398,-0.006357712426201867,-0.0023624341421595307,0.0
2025-10-15,0.010135810160408789,0.007288035070424355,0.0028477750899844343,0.0028477750899844343,0.2553997194849158,0.13565323125874418,0.11974648822617162,0.0,0.0,0.0,0.0
2025-10-16,0.010489257978410216,0.007678593940441996,0.0028106640379682198,0.0028106640379682198,0.26856793100861687,0.1443734512787309,0.12419447972988595,0.0,0.0,0.0,0.0
2025-10-17,-0.008071558777274637,-0.005795170129993244,-0.0022763886472813924,0.0022763886472813924,0.25832861039051513,0.1377416124363231,0.12058699795419203,-0.008071558777274612,-0.00579517012999331,-0.002276388647281302,0.0
2025-10-20,0.009003438813975482,0.006538803673906601,0.0024646351400688807,0.0024646351400688807,0.26965789504204096,0.1451810814716783,0.12447681357036267,0.0,0.0,0.0,0.0
2025-10-21,0.0006929442076908887,0.00048681273255073816,0.00020613147514015055,0.00020613147514015055,0.27053769712615927,0.145738570203215,0.12479912692294426,0.0,0.0,0.0,0.0
2025-10-22,-0.003256982065252169,-0.002198237023761591,-0.0010587450414905782,0.0010587450414905782,0.2663995786333926,0.14321996525864278,0.12317961337474981,-0.0032569820652521564,-0.002198237023761429,-0.0010587450414907273,0.0
2025-10-23,-0.003746524956367645,-0.002804906462445742,-0.0009416184939219029,0.0009416184939219029,0.2616549810073092,0.14001334019009182,0.1216416408172174,-0.006991304657029795,-0.0049969776369732655,-0.00199432702005653,0.0
2025-10-27,0.013125017364095949,0.009569215968387178,0.0035558013957087704,0.0035558013957087704,0.27821422454052835,0.15092237404921316,0.1272918504913152,0.0,0.0,0.0,0.0
2025-10-28,-0.00339527684384062,-0.002385445084151218,-0.0010098317596894018,0.0010098317596894018,0.27387433338247824,0.14817691192979776,0.12569742145268048,-0.0033952768438405556,-0.002385445084151283,-0.0010098317596892725,0.0
2025-10-29,0.008738319672049105,0.006200365544072824,0.002537954127976281,0.002537954127976281,0.2850058545295928,0.15529602849302715,0.12970982603656567,0.0,0.0,0.0,0.0
2025-10-30,-0.0003498704553183773,-0.0003791309477317985,2.926049241342121e-05,2.926049241342121e-05,0.2845562689461818,0.15485802001483373,0.12969824893134807,-0.00034987045531831296,-0.00037913094773189826,2.9260492413585304e-05,0.0
2025-10-31,0.0028905344408910127,0.0020149939453159593,0.0008755404955750534,0.0008755404955750534,0.28826932308283304,0.15718505193286325,0.1310842711499698,0.0,0.0,0.0,0.0
2025-11-03,-0.004330755334646792,-0.0036381595047803635,-0.0006925958298664289,0.0006925958298664289,0.28269014383943025,0.15297502813738384,0.1297151157020464,-0.004330755334646774,-0.003638159504780414,-0.0006925958298663604,0.004415457045484331
2025-11-04,-0.0013028547270639932,-0.0012262513817979082,-7.6603345266085e-05,7.6603345266085e-05,0.2810189849221707,0.151561190915952,0.1294577940062187,-0.005627967716651194,-0.004859949588458368,-0.0007680181281928267,0.0
2025-11-05,-0.005852219159735016,-0.00517237325228471,-0.000679845907450306,0.000679845907450306,0.2735221810746249,0.1456048866136892,0.1279172944609357,-0.011447250775884488,-0.01000718536748424,-0.0014400654084002484,0.0
2025-11-06,0.001711106290608719,0.0015258791669583566,0.00018522712365036235,0.00018522712365036235,0.2757013128898915,0.14735294124373866,0.12834837164615287,-0.00975573194808843,-0.008496575956198127,-0.001259155991890304,0.0
2025-11-07,-0.00549492573517066,-0.004823407984592716,-0.0006715177505779435,0.0006715177505779435,0.26869142891530196,0.14181878990579766,0.1268726390095043,-0.015197050660712086,-0.013279001488481934,-0.0019180491722301518,0.0
2025-11-10,0.005409117110570063,0.0048194717439833164,0.0005896453665867468,0.0005896453665867468,0.27555392943148127,0.1473217533004978,0.12823217613098348,-0.009870136176901134,-0.008523527516960838,-0.001346608659940296,0.0
2025-11-11,-0.0030013515056658644,-0.0027986200343743974,-0.00020273147129146706,0.00020273147129146706,0.27172554372482405,0.1441108356558376,0.12761470806898645,-0.012841863934491382,-0.011298293436462603,-0.001543570498028779,0.0
2025-11-12,0.0027948587812315975,0.002689067784476302,0.00010579099675529563,0.00010579099675529563,0.27527983702802006,0.14718742724586975,0.1280924097821503,-0.01008289634944426,-0.00863960752888604,-0.0014432888205582195,0.0
2025-11-13,-0.0027108883951481692,-0.0024676508082871976,-0.0002432375868609716,0.0002432375868609716,0.27182269571725426,0.1443565692637696,0.12746612645348465,-0.012766451137889323,-0.01108593880267117,-0.001680512335218154,0.0
2025-11-14,-0.008470977596694237,-0.007663209458670279,-0.0008077681380239581,0.0008077681380239581,0.2610491141548661,0.135587125178096,0.12546198897677008,-0.02112928441300521,-0.018664194390250688,-0.0024650900227545236,0.0
2025-11-17,0.0016269726104575564,0.0014564775478950642,0.0001704950625624922,0.0001704950625624922,0.2631008065240379,0.13724108232959664,0.12585972419444125,-0.01953668856956614,-0.017234900822434507,-0.002301787747131634,0.0
2025-11-18,-0.010021663601031693,-0.008979957514840181,-0.0010417060861915121,0.0010417060861915121,0.25044243514686215,0.1270287057261461,0.12341372942071605,-0.02936256204987553,-0.026060089660116637,-0.0033024723897588926,0.0
2025-11-19,-0.0031014233678474997,-0.00285744748705388,-0.0002439758807936199,0.0002439758807936199,0.2465642837583495,0.1238082803831313,0.12275600337521819,-0.0323729196816418,-0.028843071809458887,-0.003529847872182912,0.0
2025-11-20,0.013666019543016168,0.012386891128650351,0.0012791284143658169,0.0012791284143658169,0.2635998556218171,0.137728771201713,0.12587108442010408,-0.01914930909165935,-0.01681345667112799,-0.002335852420531359,0.0
2025-11-21,-0.014940984966846704,-0.013365644495096246,-0.0015753404717504579,0.0015753404717504579,0.24472042917486192,0.1225222929139882,0.12219813626087372,-0.03380418451924205,-0.0299543784816243,-0.0038498060376177534,0.0
2025-11-24,-0.0020334895721927536,-0.001781923084876958,-0.0002515664873157955,0.0002515664873157955,0.24218930316183962,0.1205220445269557,0.12166725863488392,-0.035768933634718336,-0.03168292516799176,-0.004086008466726576,0.0
2025-11-25,0.006483885604354136,0.005854169454062097,0.000629716150292039,0.000629716150292039,0.2502435165024932,0.12708177045262858,0.12316174604986463,-0.029516969704241558,-0.026014232926663494,-0.003502736777578064,0.0
2025-11-26,0.0074162575475945295,0.00667846701220386,0.0007377905353906696,0.0007377905353906696,0.25951564441808594,0.13460894887665265,0.1249066955414333,-0.02231961760599832,-0.01950950111090821,-0.002810116495090109,0.0
2025-11-27,0.0036156848352550622,0.003207310654016243,0.00040837418123881907,0.00040837418123881907,0.26406965603337507,0.13824799224652695,0.12582166378684811,-0.01878463347364978,-0.016364763487659473,-0.0024198699859903083,0.0
2025-11-28,0.003371710206075467,0.0029871225378411644,0.00038458766823430256,0.00038458766823430256,0.26833173259381327,0.1416480784778189,0.12668365411599436,-0.015476259607974718,-0.013426524503658888,-0.0020497351043158307,0.0
2025-12-01,-0.005680101557017878,-0.005533817359199004,-0.00014628419781887413,0.00014628419781887413,0.26112747954469184,0.13533040652304207,0.12579707302164977,-0.02106845443869665,-0.018886041928485864,-0.002182412510210785,0.008480099910792162
2025-12-02,0.0015282301833380862,0.0014658320241197587,6.239815921832751e-05,6.239815921832751e-05,0.26305477262396915,0.13699461019088033,0.12606016243308882,-0.019572421703348053,-0.01744789366943389,-0.0021245280339141637,0.0
2025-12-03,0.003687558799393818,0.0037458241823271183,-5.826538293330014e-05,5.826538293330014e-05,0.2677123613648751,0.1412535920969089,0.12645876926796618,-0.015957037359831783,-0.013767426229144397,-0.0021896111306873856,0.0
2025-12-04,-0.0004421851409444108,-0.00042989518108000463,-1.2289959864406183e-05,1.2289959864406183e-05,0.2671517977956881,0.1407629726772761,0.12638882511841198,-0.016392166535962094,-0.014191402860032731,-0.0022007636759293625,0.0
2025-12-05,0.003404964204049633,0.0034330888244482704,-2.8124620398637442e-05,2.8124620398637442e-05,0.2714664043082795,0.14467931329011874,0.12678709101816077,-0.01304301707219424,-0.010807034382146585,-0.0022359826900476554,0.0
2025-12-08,0.0060598055712172,0.005997454960912196,6.235061030500366e-05,6.235061030500366e-05,0.27917124350872213,0.1515444759162643,0.12762676759245783,-0.007062249648496777,-0.00487439412320223,-0.0021878555252945464,0.0
2025-12-09,-0.0008878425039579039,-0.001007366226165867,0.0001195237222079632,0.0001195237222079632,0.2780355409088944,0.15038444890329838,0.127651092005596,-0.007943821987043242,-0.005876850049355342,-0.0020669719376879003,0.0
2025-12-10,0.0024224292027559277,0.002238202321908154,0.00018422688084777364,0.00018422688084777364,0.281131491525352,0.15295924204792066,0.12817224947743133,-0.005540636130650256,-0.003651801306873259,-0.001888834823776997,0.0
2025-12-11,-0.004405057261362028,-0.0043372163093684645,-6.784095199356341e-05,6.784095199356341e-05,0.27548803394584875,0.14795860841927344,0.1275294255265753,-0.00992128657259228,-0.007973178964054806,-0.0019481076085374749,0.0
2025-12-12,0.0012710716286034119,0.001275950566250675,-4.878937647263045e-06,4.878937647263045e-06,0.2771092705984206,0.14942334685571845,0.12768592374270216,-0.008662825609870417,-0.006707401780018052,-0.001955423829852365,0.0
2025-12-15,-0.004450847371589323,-0.004535240710162102,8.43933385727795e-05,8.43933385727795e-05,0.2714250521581454,0.14421043529984767,0.1272146168582977,-0.013075116066863401,-0.01121222280856804,-0.0018628932582953617,0.0
2025-12-16,-0.003840166612093417,-0.004005124198977846,0.00016495758688442894,0.00016495758688442894,0.26654256812306865,0.13962773039670529,0.12691483772636336,-0.0168650720547876,-0.015172440662650888,-0.001692631392136712,0.0
2025-12-17,-0.0013178674578971652,-0.001077131806402022,-0.00024073565149514316,0.00024073565149514316,0.26487343288849763,0.13840020112083717,0.12647323176766045,-0.018160713583048715,-0.01623322975063446,-0.0019274838324142562,0.0
2025-12-18,-0.000248117441705856,-0.0001293481236299589,-0.00011876931807589707,0.00011876931807589707,0.2645595957282476,0.13825295119088232,0.1263066445373653,-0.01840432503496081,-0.01636047813645569,-0.0020438468985051195,0.0
2025-12-19,0.003613965692519974,0.0034750400718910105,0.0001389256206289634,0.0001389256206289634,0.2691296707233566,0.1422084258082188,0.1269212449151378,-0.014856871941711036,-0.012942291381684123,-0.0019145805600269128,0.0
2025-12-22,0.005747604738863897,0.005713318098438267,3.4286640425629754e-05,3.4286640425629754e-05,0.27642412643303893,0.14873422587957763,0.1276899005534613,-0.009194658630424013,-0.0073029167108320525,-0.0018917419195919605,0.0
2025-12-23,0.0020709221629529404,0.0020453591488029353,2.55630141500051e-05,2.55630141500051e-05,0.27906750144579684,0.15108379993802346,0.12798370150777338,-0.0071427778898097705,-0.005272494649536608,-0.0018702832402731628,0.0
2025-12-24,0.000942660121991292,0.0010081632950988523,-6.550317310756036e-05,6.550317310756036e-05,0.28027322737274485,0.15224428037470394,0.1280289469980409,-0.006206850979695422,-0.004269646890016965,-0.001937204089678457,0.0
2025-12-26,0.0033629495619071146,0.0033217310462785687,4.121851562854592e-05,4.121851562854592e-05,0.2845787216618596,0.15607172597372143,0.12850699568813817,-0.0028647747445711413,-0.0009620984623697204,-0.001902676282201421,0.0
2025-12-29,0.004705336477945198,0.004555091157077881,0.00015024532086731733,0.00015024532086731733,0.29062309677968745,0.16133773806965213,0.12928535871003533,0.0,0.0,0.0,0.0
2025-12-30,-0.00016785463290900022,-8.126897618288134e-05,-8.658565672611888e-05,8.658565672611888e-05,0.2904064597135536,0.16124335734067663,0.12916310237287698,-0.0001678546329090258,-8.126897618287998e-05,-8.658565672614582e-05,0.0
2025-12-31,0.002385121899708742,0.002208812650615336,0.00017630924909340599,0.00017630924909340599,0.2934842364201422,0.1638083263588137,0.1296759100613285,0.0,0.0,0.0,0.0
2026-01-02,0.007625496137713489,0.007465425691208286,0.0001600704465052026,0.0001600704465052026,0.3033476954691574,0.172496650938055,0.1308510445311024,0.0,0.0,0.0,0.010272715367006007
2026-01-05,0.014853212156543574,0.014653594696011294,0.00019961746053227987,0.00019961746053227987,0.32270659530370316,0.18967794164333185,0.1330286536603713,0.0,0.0,0.0,0.0
2026-01-06,0.004634701834565015,0.004465763446194312,0.0001689383883707032,0.0001689383883707032,0.3288369459875484,0.19499076190786613,0.1338461840796823,0.0,0.0,0.0,0.0
2026-01-07,-0.003253353135635703,-0.003162466432065799,-9.088670356990382e-05,9.088670356990382e-05,0.3245137701425713,0.19121164373670374,0.13330212640586758,-0.0032533531356356837,-0.003162466432065858,-9.088670356982576e-05,0.0
2026-01-08,0.0015888252360252261,0.0016263026942540484,-3.7477458228822244e-05,3.7477458228822244e-05,0.32661819104603684,0.1931489144423395,0.13346927660369734,-0.0016696969091739566,-0.0015413068654908102,-0.00012839004368314644,0.0
2026-01-09,-0.001259913971647123,-0.0012443385920908445,-1.5575379556278645e-05,1.5575379556278645e-05,0.3249467662520966,0.19166423320198755,0.13328253305010906,-0.0029275072063568164,-0.002783727549966697,-0.00014377965639011947,0.0
2026-01-12,0.002577415338256107,0.0025154571610457436,6.195817721036355e-05,6.195817721036355e-05,0.3283617043698075,0.19466181353095746,0.13369989083885003,-0.0003576372700773156,-0.00027527273632099725,-8.236453375631836e-05,0.0
2026-01-13,0.0019064132773749603,0.0019239886190621544,-1.757534168719409e-05,1.757534168719409e-05,0.3308941107601746,0.19696032926381912,0.1339337814963555,0.0,0.0,0.0,0.0
2026-01-14,0.0006656801583996135,0.000644735411181507,2.0944747218106462e-05,2.0944747218106462e-05,0.3317800605626384,0.197732051973875,0.13404800858876342,0.0,0.0,0.0,0.0
2026-01-15,-0.0005918861916345338,-0.0004925539514221203,-9.933224021241348e-05,9.933224021241348e-05,0.3309917983344972,0.1971421043189303,0.1338496940155669,-0.0005918861916345275,-0.0004925539514221144,-9.933224021241305e-05,0.0
2026-01-16,0.007823051735117399,0.00784273241690581,-1.9680681788411536e-05,1.9680681788411536e-05,0.34140421603188487,0.20653096950811545,0.13487324652376942,0.0,0.0,0.0,0.0
2026-01-19,0.002730510692103583,0.0024148890404491682,0.00031562165165441476,0.00031562165165441476,0.34506693458619275,0.20944460792334318,0.13562232666284957,0.0,0.0,0.0,0.0
2026-01-20,0.00020113765324280126,0.00033554185745111545,-0.00013440420420831418,0.00013440420420831418,0.34533747819286975,0.20985042721356995,0.1354870509792998,0.0,0.0,0.0,0.0
2026-01-21,-0.0035975226521283215,-0.0034737534062739476,-0.0001237692458543739,0.0001237692458543739,0.34049759614031383,0.20564770517095488,0.13484989096935895,-0.0035975226521282044,-0.0034737534062738717,-0.0001237692458543327,0.0
2026-01-22,0.004643344190462456,0.004516073788491922,0.00012727040197053462,0.00012727040197053462,0.34672198786568087,0.21109249917043282,0.13562948869524805,0.0,0.0,0.0,0.0
2026-01-23,0.002805680191562352,0.0028628385005704557,-5.715830900810369e-05,5.715830900810369e-05,0.35050045907057714,0.21455966140480998,0.13594079766576717,0.0,0.0,0.0,0.0
2026-01-26,0.0002091453728959937,0.0002460747870620618,-3.6929414166068084e-05,3.6929414166068084e-05,0.3507829099926858,0.2148585339148643,0.13592437607782148,0.0,0.0,0.0,0.0
2026-01-27,0.004006748376491356,0.003891324558908204,0.00011542381758315257,0.00011542381758315257,0.3561951572242914,0.21958594276348653,0.13660921446080487,0.0,0.0,0.0,0.0
2026-01-28,0.005905773471490799,0.0056642375236889125,0.00024153594780188664,0.00024153594780188664,0.3642045386059911,0.22649396722385085,0.13771057138214027,0.0,0.0,0.0,0.0
2026-01-29,-0.00198109293367912,-0.0018224611009233377,-0.0001586318327557823,0.0001586318327557823,0.3615019226344658,0.22425872967806826,0.13724319295639753,-0.001981092933679096,-0.0018224611009233227,-0.00015863183275577342,0.0
2026-01-30,-0.006043886856189504,-0.005930363230237339,-0.00011352362595216502,0.00011352362595216502,0.35327315905957857,0.2169984307232884,0.13627472833629017,-0.008013006288325908,-0.00774201647485917,-0.00027098981346673767,0.0
2026-02-02,-0.006233728789249679,-0.006244852352224452,1.1123562974773606e-05,1.1123562974773606e-05,0.34483722120823,0.20939845521053257,0.13543876599769744,-0.014196784169587584,-0.013938521077289656,-0.0002582630922979279,0.00606426870567728
2026-02-03,0.008224879454393553,0.008252599900510398,-2.772044611684503e-05,2.772044611684503e-05,0.3558983452384492,0.21937913678168042,0.1365192084567688,-0.0060886715536290215,-0.005800950214435052,-0.00028772133919396925,0.0
2026-02-04,-0.00017157998627146862,-0.00019031670174232665,1.8736715470858033e-05,1.8736715470858033e-05,0.3556657002189876,0.2191470685661947,0.13651863165279288,-0.006259206845719012,-0.005990162898465545,-0.0002690439472534667,0.0
2026-02-05,-0.00499742654905655,-0.004949192009198192,-4.823453985835797e-05,4.823453985835797e-05,0.34889086045706796,0.21311327563640958,0.13577758482065838,-0.011225353468308663,-0.010909708441312782,-0.00031564502699588104,0.0
2026-02-06,-3.785628012437903e-05,0.00011867478416074362,-0.00015653106428512264,0.00015653106428512264,0.3488397964667973,0.21325724159255843,0.13558255487423887,-0.011262784798307668,-0.010792328364446435,-0.0004704564338612327,0.0
2026-02-09,0.010961810237395482,0.010722629818229386,0.00023918041916609623,0.00023918041916609623,0.3636255223563134,0.22626654986844152,0.13735897248787188,-0.0004244350706158473,-0.0001854206881457543,-0.000239014382470093,0.0
2026-02-10,0.008018440901641798,0.007873690012855745,0.00014475088878605248,0.00014475088878605248,0.3745596730192977,0.2359217925552397,0.138637880464058,0.0,0.0,0.0,0.0
2026-02-11,0.008659130898467208,0.008507959970462244,0.00015117092800496362,0.00015117092800496362,0.38646216515572607,0.24643696569292173,0.14002519946280434,0.0,0.0,0.0,0.0
2026-02-23,0.0011397920599792697,0.001218677819517133,-7.888575953786327e-05,7.888575953786327e-05,0.3880424437230321,0.24795597077643783,0.14008647294659426,0.0,0.0,0.0,0.0
2026-02-24,0.01014309634420723,0.009927664492621566,0.0002154318515856634,0.0002154318515856634,0.4021214919595637,0.26034525895587013,0.14177623300369357,0.0,0.0,0.0,0.0
2026-02-25,0.008178400755296564,0.008092437576764394,8.596317853216962e-05,8.596317853216962e-05,0.4135886034284233,0.27054452428914133,0.14304407913928197,0.0,0.0,0.0,0.0
2026-02-26,0.0006204753725211657,0.0007667424381493319,-0.00014626706562816615,0.00014626706562816615,0.4144657003437273,0.2715187046954719,0.14294699564825541,0.0,0.0,0.0,0.0
2026-03-02,-0.003630513292887329,-0.003558852748891068,-7.16605439962611e-05,7.16605439962611e-05,0.40933046381629623,0.26699355685799997,0.14233690695829626,-0.0036305132928873274,-0.003558852748891117,-7.166054399621036e-05,0.0030498908114673724
2026-03-03,-0.008198099425439713,-0.008223513934734838,2.5414509295124815e-05,2.5414509295124815e-05,0.3977766325506291,0.25657441768795897,0.14120221486267015,-0.01179884940938658,-0.011753100408453787,-4.5749000932793216e-05,0.0
2026-03-04,-0.016103912321094396,-0.016141373257862236,3.746093676783996e-05,3.746093676783996e-05,0.37526696021555916,0.23629158098577663,0.13897537922978254,-0.027712754094102454,-0.027704762485686096,-7.99160841635782e-06,0.0
2026-03-05,0.009552241222723575,0.00952016184510018,3.207937762339519e-05,3.207937762339519e-05,0.3884038419651801,0.2480612769244961,0.140342565040684,-0.018425231783431695,-0.018448354463329597,2.3122679897902287e-05,0.0
2026-03-06,-0.002402048263501192,-0.002232515056456931,-0.000169533207044261,0.000169533207044261,0.38506882892754923,0.24527496133238125,0.139793867595168,-0.020783021750922948,-0.020639683290680333,-0.00014333846024261465,0.0
2026-03-09,-0.017438166524704018,-0.017609278048837607,0.0001711115241335888,0.0001711115241335888,0.36091576804053394,0.22334656829102384,0.1375691997495101,-0.0378587704814477,-0.03788551141761243,2.6740936164726392e-05,0.0
2026-03-10,0.009107924412280196,0.00937994753084017,-0.00027202311855997405,0.00027202311855997405,0.37331088598732753,0.23482149491362714,0.1384893910737004,-0.029095660889054242,-0.028860927996048447,-0.0002347328930057957,0.0
2026-03-11,0.0159466071908723,0.015845496804457303,0.00010111038641499523,0.00010111038641499523,0.39521053523711624,0.2543878549653562,0.14082268027176004,-0.01361303077333853,-0.013472746933926194,-0.00014028383941233624,0.0
2026-03-12,-0.007653856201194428,-0.00753165869622888,-0.00012219750496554778,0.00012219750496554778,0.38453179443001995,0.2449402337690625,0.13959156066095746,-0.021162694794531367,-0.020902933498548104,-0.0002597612959832629,0.0
2026-03-13,-0.0034081241423216425,-0.0033675754640549904,-4.0548678266652104e-05,4.0548678266652104e-05,0.37981313819561113,0.24074780358360703,0.1390653346120041,-0.024498693845807162,-0.024200116756626477,-0.00029857708918068493,0.0
2026-03-16,-0.0015852858275201003,-0.0014902421655039694,-9.504366201613088e-05,9.504366201613088e-05,0.3776257399830034,0.2388987888899503,0.1387269510930531,-0.02604514224118082,-0.025654294887729634,-0.0003908473534511847,0.0
2026-03-17,0.004876169769769006,0.00463839654226923,0.0002377732274997761,0.0002377732274997761,0.3843432769703643,0.24464529274855895,0.13969798422180535,-0.02129597300665753,-0.02113489313816197,-0.00016107986849556166,0.0
2026-03-18,0.006333402476563187,0.006463019213724284,-0.00012961673716109772,0.00012961673716109772,0.39311088010914186,0.2526894591898643,0.14042142091927756,-0.015097446498275713,-0.014808469144869663,-0.00028897735340605024,0.0
2026-03-19,-0.009109249241504074,-0.00913115248516426,2.1903243660185978e-05,2.1903243660185978e-05,0.3804206858811767,0.2412509607214437,0.13916972515973303,-0.024069169336716545,-0.023804403240200278,-0.0002647660965162668,0.0
2026-03-20,-0.0007594867725190708,-0.0008030143352836436,4.352756276457281e-05,4.352756276457281e-05,0.3793722746297383,0.2402542184062999,0.13911805622343842,-0.02481037589349888,-0.024588302298439113,-0.00022207359505976854,0.0
2026-03-23,-0.009073250742489422,-0.009207407223908316,0.0001341564814188942,0.0001341564814188942,0.3668568841147848,0.228834692756263,0.13802219135852178,-0.03365851587449109,-0.033569315010141154,-8.920086434993646e-05,0.0
2026-03-24,0.0013597597325076842,0.0015431098165905842,-0.00018335008408290002,0.00018335008408290002,0.368715481065905,0.23073091963362224,0.13798456143228277,-0.03234452363652551,-0.03207800633307889,-0.00026651730344662283,0.0
2026-03-25,0.009354913750789774,0.009387157798922333,-3.224404813255942e-05,3.224404813255942e-05,0.3815196963406473,0.24228398498423598,0.13923571135641133,-0.023292190114665767,-0.022991969841479887,-0.0003002202731858805,0.0
